@id,@type,name,wheelchair,toilets:wheelchair,@lat,@lon
206189916,node,,limited,,38.3665795,-0.4300440
206189971,node,Sergio Cardell,yes,,38.3647338,-0.4323103
211369655,node,,yes,,38.3672123,-0.4285691
211514336,node,,yes,,38.3651613,-0.4313659
219237024,node,Mirador del castillo,yes,,38.3481957,-0.4795226
241859282,node,,no,,38.3516890,-0.4875089
244102071,node,,no,,38.3147028,-0.5208214
245422340,node,Valencia Once,yes,yes,38.3525297,-0.4838708
246255153,node,Mercadona,yes,,38.3617135,-0.4802513
246363205,node,,yes,,38.3624904,-0.4797100
256979098,node,Torre Mauro,yes,,38.3660534,-0.4308318
257923135,node,,yes,,38.3747376,-0.4831352
257923302,node,,yes,,38.3757845,-0.4811190
259592166,node,Correos,yes,,38.3656993,-0.4311114
263012220,node,,no,,38.3749244,-0.4951603
263024559,node,,limited,,38.3759330,-0.4893697
274575039,node,Primark,yes,,38.3672564,-0.4696366
280587275,node,Nácara,yes,,38.3665208,-0.4290554
300088166,node,Restaurante Tailandés Sabatika,yes,,38.3663084,-0.4304591
319276779,node,Restaurante Dársena,yes,,38.3383950,-0.4869017
353155198,node,Hospital,yes,,38.3643274,-0.4838579
378740180,node,Juan García Ortiz,yes,,38.3588079,-0.4727597
390011926,node,,yes,,38.2794258,-0.5201362
390011927,node,,yes,,38.2818746,-0.5203901
390011928,node,,yes,,38.2839735,-0.5204514
430699380,node,Centro de Salud Ciudad Jardín,yes,yes,38.3754255,-0.4949514
478532315,node,Holanda,yes,,38.3681319,-0.4198137
548341321,node,Canela,yes,,38.3662597,-0.4304644
663884681,node,BBVA,yes,,38.3639818,-0.4314956
674102489,node,Bazar la Rambla,limited,,38.3476243,-0.4843798
674102491,node,La Masa de Tomasa,yes,no,38.3478149,-0.4845617
940123272,node,Alacant-Estels,no,,38.3464173,-0.4909849
940123337,node,Alacant-Estels,no,,38.3456290,-0.4904180
940123398,node,Mercado,yes,no,38.3483516,-0.4847737
940123644,node,Mercado,no,,38.3480099,-0.4846800
940123650,node,Alacant-Estels,no,,38.3458079,-0.4911904
940123839,node,MARQ-Castillo,yes,,38.3519992,-0.4764427
940123871,node,Alacant-Estels,no,,38.3461960,-0.4901808
941249530,node,Elan Cabaret,no,,38.3500069,-0.4869255
945457554,node,Cervecería Jorge,no,,38.3626074,-0.4897097
945457556,node,Asador pollos La Cerámica,no,,38.3624918,-0.4896287
945471890,node,La Abadia,no,,38.3622491,-0.4894648
1002062211,node,Eleuterio Maisonnave,yes,,38.3435353,-0.4889015
1060431183,node,Sotelo 10,limited,,38.3436028,-0.4886034
1242093861,node,NH,yes,,38.3364538,-0.5071300
1290008779,node,Café Gadea,no,,38.3424795,-0.4878820
1317197203,node,La Lonja,yes,,38.3493740,-0.4867714
1347698914,node,Los Hermanos,no,,38.3410613,-0.5148617
1375040823,node,,yes,,38.3490457,-0.4807116
1507145793,node,Mercado-El Sabio,yes,,38.3472844,-0.4869425
1507145819,node,Mercado-El Sabio,limited,,38.3475725,-0.4866852
1507145835,node,"Plaza De España, 4",limited,,38.3516599,-0.4853625
1507166350,node,Pintor Amorós,limited,,38.3706336,-0.4715152
1507166369,node,Pintor Amorós,limited,,38.3706417,-0.4716170
1511245271,node,Rambla-Portal de Elche,yes,,38.3446147,-0.4834853
1511245277,node,Rambla-San José,yes,,38.3451765,-0.4836064
1511317466,node,C.A. Montemar,yes,,38.3571008,-0.4764069
1511317487,node,Avenida de Denia - Canónigo Penalva,yes,,38.3526538,-0.4728363
1511494314,node,Mercado-El Sabio,limited,,38.3473787,-0.4872058
1511494323,node,Gastón Castelló (TRAM),yes,,38.3733039,-0.4870928
1511494363,node,Calderón-La Lonja,yes,,38.3499284,-0.4857024
1512690889,node,Mercado-El Sabio,yes,,38.3473981,-0.4866650
1513068015,node,Explanada De España,yes,,38.3436603,-0.4827888
1513972179,node,Padre Esplá-Vidal,yes,,38.3562851,-0.4782265
1513972227,node,Palmeretes,yes,,38.3553339,-0.4824524
1513972250,node,Pío XII,yes,,38.3558320,-0.4799831
1513972251,node,Pío XII,yes,,38.3553998,-0.4799680
1513972258,node,Misericordia,yes,,38.3520973,-0.4835943
1513972261,node,Misericordia,yes,,38.3520536,-0.4837578
1515221018,node,Rambla-San José,yes,,38.3453614,-0.4837026
1516282579,node,Castelló-Esmeralda,yes,,38.3747007,-0.4871262
1516282584,node,C.P. Lucentum,yes,,38.3748133,-0.4932411
1516282586,node,Gascuñana,no,,38.3749858,-0.4880959
1516287318,node,Alacant-Estels,yes,,38.3459294,-0.4908702
1523080679,node,La Olivera,yes,,38.3579082,-0.4747783
1523080685,node,Bulevar del Pla (TRAM),yes,,38.3587963,-0.4724778
1523080688,node,C.A. Montemar,yes,,38.3572522,-0.4765063
1523080699,node,La Olivera,yes,,38.3578562,-0.4744059
1523080700,node,Bulevar del Pla (TRAM),yes,,38.3589719,-0.4715690
1523338963,node,Av. Naciones,yes,,38.3623141,-0.4203368
1524393277,node,Bellea del Foc,no,,38.3676741,-0.4712857
1524393278,node,IES Jaime II,no,,38.3622816,-0.4705540
1524393279,node,IES Jaime II,no,,38.3620548,-0.4702567
1524393282,node,Cristóbal Pardo,limited,,38.3629519,-0.4722109
1524393288,node,Cristóbal Pardo,limited,,38.3627907,-0.4720502
1524393292,node,V. Reyes,yes,,38.3648024,-0.4720701
1524393302,node,Plaza Castalla,no,,38.3696222,-0.4711409
1524471968,node,C.C. Gran Vía,yes,,38.3656229,-0.4712372
1527222141,node,Cafetería Mare Nostrum,yes,,38.3444062,-0.4956106
1527222194,node,Tim Hortons,yes,,38.3444617,-0.4958563
1527222296,node,,yes,,38.3444911,-0.4959792
1549190954,node,Rambla-Portal de Elche,yes,,38.3447573,-0.4833699
1549254169,node,Mercado-El Sabio,limited,,38.3474287,-0.4870733
1577005184,node,Garbinet,yes,,38.3624308,-0.4783146
1577005211,node,Hospital,yes,,38.3642932,-0.4838730
1620592777,node,Gloria Férez,yes,,38.3651713,-0.4970922
1675139425,node,Mercadona,yes,,38.3397316,-0.4997953
2023653758,node,Soda Bar,yes,,38.3465326,-0.4862873
2037073979,node,Casino Sportium,yes,,38.3623034,-0.4874003
2201382815,node,Europa,yes,,38.3367437,-0.5070558
2316880546,node,Hostal Les Monges Palace,yes,,38.3458972,-0.4815316
2422566917,node,Sergio Cardell,yes,,38.3647426,-0.4322852
2422566919,node,Av. Naciones,yes,,38.3623467,-0.4203392
2530982974,node,FixPhone,yes,,38.3677022,-0.4262222
2560584199,node,,yes,,38.3768789,-0.4871352
2560584203,node,,yes,,38.3769439,-0.4871463
2560627782,node,Garbinet,yes,,38.3624581,-0.4782298
2561208067,node,Bulevar del Plà,yes,,38.3599490,-0.4720944
2561208073,node,Bulevar del Plà,yes,,38.3599791,-0.4720794
2561208092,node,Pintor Gastón Castelló,yes,,38.3739213,-0.4871507
2561208099,node,Pintor Gastón Castelló,yes,,38.3739248,-0.4871071
2562749951,node,La Isleta,yes,,38.3628861,-0.4470381
2562749955,node,La Isleta,yes,,38.3629058,-0.4470711
2656291501,node,Bar Lucy,yes,,38.3480984,-0.5104992
2701179186,node,Cafetería Jijona Babel,yes,,38.3410690,-0.5064049
2705721083,node,Óptica Nueva Visión,yes,,38.3511071,-0.4854794
3076346737,node,,yes,,38.2804981,-0.5202591
3077275279,node,,yes,,38.2833225,-0.5205996
3112504450,node,,no,,38.2785025,-0.5200310
3112504451,node,,yes,,38.2780039,-0.5201235
3220961489,node,,yes,,38.3750778,-0.4952010
3435704796,node,Supercor,yes,,38.3479677,-0.4845536
3670782351,node,Ascensor al Castillo de Santa Barbara,yes,,38.3467887,-0.4769547
3754995494,node,,limited,,38.3667862,-0.4303087
3786621033,node,,yes,,38.3520443,-0.4744132
3790106237,node,,yes,,38.3486995,-0.4768470
3810381221,node,la Florida,limited,,38.3416548,-0.5139434
3810381358,node,Telepizza,yes,,38.3445308,-0.5094853
3999595412,node,El Dragón Escamado,limited,,38.3510090,-0.4883346
4036838770,node,,limited,,38.3477366,-0.4862453
4036838773,node,Estación-Salamanca,limited,,38.3440763,-0.4947400
4036838777,node,San Gabriel-Cercanías,yes,,38.3290672,-0.5091648
4213602752,node,Luceros,yes,,38.3459859,-0.4905968
4213602753,node,Luceros,yes,,38.3460752,-0.4906480
4213612164,node,Luceros,yes,,38.3460283,-0.4906238
4213612165,node,Mercado,yes,,38.3481553,-0.4848257
4214533850,node,Parque del Mar,yes,,38.3325707,-0.5061936
4214533851,node,Parque El Palmeral,no,,38.3194069,-0.5140261
4254138507,node,Alcampo,yes,,38.3547252,-0.4713733
4325223389,node,,yes,,38.3652538,-0.4488871
4472230490,node,,yes,,38.3478070,-0.4797157
4596966289,node,Livanti Gelato di Sicilia,no,,38.3451096,-0.4826072
5042853328,node,,yes,,38.2774265,-0.5200399
5071641196,node,Vivero de peces romano,no,no,38.3620046,-0.4411195
5170255870,node,Pizzeria Popeye,yes,,38.3701100,-0.4144491
5263812915,node,farmacia Velero Blanco,yes,,38.3846470,-0.4122218
5320606259,node,DisFruta Zumos Naturales,yes,,38.3493091,-0.4884099
5332721433,node,The Good Burger,yes,,38.3441014,-0.4837338
5605172221,node,Refugio guerra civil Séneca,no,,38.3413023,-0.4906760
5795828342,node,,yes,,38.2818906,-0.5201681
5795828344,node,,yes,,38.2818880,-0.5203684
5795828345,node,,yes,,38.2818886,-0.5203402
5812316021,node,,yes,,38.2832812,-0.5204926
5812316024,node,,yes,,38.2825466,-0.5204734
5813384355,node,Coffee Nutz,yes,,38.3475316,-0.4845614
5996036967,node,Representantes,yes,,38.3523192,-0.4862858
5996036968,node,Representantes,yes,,38.3516608,-0.4872809
5997670502,node,"Rambla Méndez Núñez, 4-6",yes,,38.3441059,-0.4830176
6004192199,node,Plaza De España-Panteón de Quijano,limited,,38.3514000,-0.4847416
6022982361,node,V. Reyes,yes,,38.3648355,-0.4723021
6130594010,node,Las piramides,yes,,38.3591127,-0.4821192
6195272850,node,I2E (Ingeniería Informática Empresarial),yes,,38.3451668,-0.5068288
6339497356,node,Moeve,yes,,38.3856792,-0.4498206
6355801945,node,TEDi,yes,,38.3404801,-0.4908890
6372921659,node,Alohers Coffee Surf,yes,,38.3629488,-0.4115241
6433820155,node,El Mirador,no,,38.3485199,-0.4750497
6433820789,node,Always,yes,,38.3405526,-0.4907160
6455404489,node,,yes,,38.2873875,-0.5206304
6517023384,node,Castelló-Esmeralda,yes,,38.3753557,-0.4872578
6517113431,node,Denia - CC Plaza Mar 2,yes,,38.3532276,-0.4735168
6519046444,node,Dénia - Canónigo Penalva II,yes,,38.3524864,-0.4736030
6520168320,node,EUIPO-Elche,yes,,38.3125598,-0.5164248
6520168323,node,EUIPO-Elche,yes,,38.3128674,-0.5167041
6527860816,node,,yes,,38.3407423,-0.4965471
6533656929,node,,limited,,38.3463954,-0.4766156
6534101626,node,Chiringuito Rompeolas,yes,,38.3462433,-0.4767517
6689789903,node,BodhiGreen,no,,38.3426215,-0.4863141
6690349997,node,Falafelmania Vegetariano Oriental,limited,,38.3323606,-0.5089442
6741881389,node,Sip and Wonder,yes,,38.3476979,-0.4874669
6771839271,node,,yes,,38.3389795,-0.4943598
6771884945,node,Como una estrella,no,,38.3432547,-0.4944454
6852322078,node,Udaco,yes,,38.3482511,-0.4753267
6853669190,node,Wen Zhou Shang Chang,yes,,38.3412352,-0.4892395
6855841393,node,Palmitas,yes,yes,38.3441689,-0.4815666
6862927913,node,,yes,,38.3498281,-0.4742751
6970432185,node,Kontiki Alicante-Tabarca,limited,,38.3420311,-0.4850140
6976111394,node,,yes,,38.3554036,-0.4802550
7001803486,node,,yes,,38.3501091,-0.4869523
7001803489,node,,yes,,38.3484312,-0.4871393
7019099187,node,Federópticos Lledó - Jornet,yes,,38.3585641,-0.4781891
7253312491,node,,yes,,38.3609122,-0.4245807
7298563056,node,,yes,,38.3872749,-0.4913016
7323558710,node,Suma Gestión Tributaria,yes,,38.3432968,-0.5097687
7566653656,node,,no,,38.3868652,-0.4910875
7612774645,node,,yes,,38.3758642,-0.4938806
7638650461,node,,yes,,38.3875630,-0.4929654
7640613229,node,,yes,,38.3751249,-0.4972745
7640641610,node,,yes,,38.3754048,-0.4960381
7640641613,node,,yes,,38.3755212,-0.4955138
7640843958,node,,yes,,38.3746854,-0.4933974
7640856010,node,,yes,,38.3750148,-0.4957621
7640856013,node,,yes,,38.3753213,-0.4958606
7640856016,node,,yes,,38.3753640,-0.4952696
7643137880,node,,yes,,38.3755447,-0.4959294
7649034803,node,,yes,,38.3749651,-0.4925824
7649034805,node,,yes,,38.3749393,-0.4925821
7649034807,node,,yes,,38.3748774,-0.4924690
7657178582,node,,yes,,38.3762073,-0.4961171
7658358770,node,,yes,,38.3771729,-0.4964433
7658358776,node,,yes,,38.3770680,-0.4961910
7658410622,node,,yes,,38.3768845,-0.4963317
7658771053,node,,yes,,38.3760221,-0.4963672
7658771054,node,,yes,,38.3760381,-0.4963701
7658826750,node,,limited,,38.3760064,-0.4893713
7666729893,node,Treasure Media,no,,38.3478868,-0.4757336
7681372443,node,,yes,,38.3747134,-0.4920613
7683971433,node,,yes,,38.3747249,-0.4928065
7683971435,node,,yes,,38.3747245,-0.4927816
7685406988,node,,yes,,38.3747026,-0.4898034
7717720947,node,,yes,,38.3748374,-0.4891504
7717720963,node,,yes,,38.3747980,-0.4919296
7717843800,node,,yes,,38.3751245,-0.4873990
7726703360,node,,yes,,38.3740089,-0.4884642
7728221156,node,,yes,,38.3747719,-0.4913700
7728450231,node,,yes,,38.3747136,-0.4920926
7728488000,node,,yes,,38.3765638,-0.4896637
7728712999,node,,yes,,38.3740505,-0.4881450
7729058705,node,,yes,,38.3747259,-0.4933410
7729131255,node,,yes,,38.3741965,-0.4870852
7734149781,node,,yes,,38.3716012,-0.4920429
7734785983,node,,yes,,38.3758863,-0.4893685
7734795436,node,,yes,,38.3750501,-0.4873868
7734795445,node,,yes,,38.3748671,-0.4894130
7734795446,node,,yes,,38.3748794,-0.4892916
7734795447,node,,yes,,38.3747076,-0.4894920
7734795448,node,,yes,,38.3747068,-0.4894056
7734795450,node,,yes,,38.3753770,-0.4895501
7734795451,node,,yes,,38.3754319,-0.4895559
7734839185,node,,yes,,38.3760456,-0.4885889
7734839186,node,,yes,,38.3761127,-0.4885963
7734839187,node,,yes,,38.3761560,-0.4881494
7734839188,node,,yes,,38.3761129,-0.4881432
7734839189,node,,yes,,38.3763541,-0.4880897
7734839190,node,,yes,,38.3763502,-0.4881501
7734839192,node,,yes,,38.3763783,-0.4883362
7734839194,node,,yes,,38.3764297,-0.4883415
7734870242,node,,yes,,38.3760742,-0.4895797
7734870243,node,,yes,,38.3760782,-0.4894949
7734870245,node,,yes,,38.3747025,-0.4898558
7734870246,node,,yes,,38.3748141,-0.4904493
7734870247,node,,yes,,38.3747577,-0.4904486
7734872751,node,,yes,,38.3747090,-0.4905293
7734872752,node,,yes,,38.3747087,-0.4905752
7734872753,node,,yes,,38.3748216,-0.4913714
7737947616,node,,yes,,38.3747132,-0.4920303
7737973791,node,,yes,,38.3748775,-0.4925436
7737973792,node,,yes,,38.3750134,-0.4925828
7738044304,node,,no,,38.3749521,-0.4951655
7741766608,node,,yes,,38.3757114,-0.4861440
7747337658,node,,limited,,38.3689685,-0.4941952
7750127314,node,,yes,,38.3741215,-0.4970343
7750127317,node,,yes,,38.3740554,-0.4970095
7750127319,node,,yes,,38.3740443,-0.4970053
7751977384,node,,limited,,38.3759790,-0.4893710
7751989387,node,,limited,,38.3759885,-0.4893711
7752008465,node,,yes,,38.3765737,-0.4895760
7752677836,node,,yes,,38.3767740,-0.4901788
7752677840,node,,no,,38.3767125,-0.4908015
7752677841,node,,no,,38.3767835,-0.4900865
7752720023,node,,no,,38.3767227,-0.4901703
7765716704,node,,yes,,38.3725695,-0.4869031
7774095211,node,,no,,38.3754152,-0.4895789
7774229763,node,,yes,,38.3748963,-0.4893491
7775841108,node,,yes,,38.3751215,-0.4895409
7776246083,node,,yes,,38.3751622,-0.4895363
7776282092,node,,yes,,38.3753689,-0.4895745
7776414008,node,,no,,38.3764542,-0.4880308
7776414010,node,,yes,,38.3764492,-0.4880163
7777408860,node,,no,,38.3758925,-0.4097140
7777635730,node,,no,,38.3764329,-0.4903981
7778072529,node,,yes,,38.3764360,-0.4903692
7778072547,node,,yes,,38.3759463,-0.4896491
7778852083,node,,limited,,38.3852752,-0.4914450
7779158474,node,,limited,,38.3857106,-0.4910458
7792566746,node,,limited,,38.3748132,-0.4889583
7796595761,node,,yes,,38.3855584,-0.4899680
7797433396,node,,yes,,38.3857840,-0.4906470
7797433399,node,,yes,,38.3857834,-0.4906252
7797433400,node,,yes,,38.3857845,-0.4906684
7797433406,node,,limited,,38.3864355,-0.4905600
7797433413,node,,yes,,38.3869994,-0.4903271
7798110675,node,,yes,,38.3747242,-0.4927545
7798163621,node,,yes,,38.3747189,-0.4933140
7818187621,node,,yes,,38.3872651,-0.4894420
7818187625,node,,yes,,38.3872665,-0.4894655
7818187627,node,,yes,,38.3872634,-0.4894148
7821373833,node,,yes,,38.3407431,-0.4964965
7821373836,node,,yes,,38.3407410,-0.4966085
7821373837,node,,yes,,38.3398527,-0.4965240
7821373838,node,,yes,,38.3398551,-0.4964649
7823198109,node,,yes,,38.3856412,-0.4892882
7827798328,node,,yes,,38.3869962,-0.4902940
7827798329,node,,yes,,38.3870028,-0.4903644
7827798334,node,,yes,,38.3870686,-0.4903706
7827798336,node,,yes,,38.3870118,-0.4903770
7829343006,node,,limited,,38.3686412,-0.4957278
7829343016,node,,limited,,38.3692405,-0.4960048
7829343030,node,,limited,,38.3694539,-0.4953083
7829343031,node,,limited,,38.3695031,-0.4953271
7829343037,node,,limited,,38.3694009,-0.4952042
7829343038,node,,limited,,38.3694116,-0.4951431
7829343043,node,,limited,,38.3689562,-0.4942855
7829343050,node,,limited,,38.3686218,-0.4958206
7830132286,node,,limited,,38.3692526,-0.4959487
7836100794,node,,yes,,38.3870563,-0.4909803
7836100795,node,,yes,,38.3870497,-0.4909384
7836100796,node,,yes,,38.3870527,-0.4909572
7841091658,node,,yes,,38.3754330,-0.4871753
7841091659,node,,yes,,38.3754301,-0.4872853
7846935813,node,,yes,,38.3748680,-0.4891566
7846935814,node,,yes,,38.3747958,-0.4891419
7847065333,node,,yes,,38.3751393,-0.4878615
7847065336,node,,yes,,38.3751485,-0.4877879
7849486355,node,,yes,,38.3748736,-0.4871164
7849486357,node,,yes,,38.3749623,-0.4871314
7849614581,node,,yes,,38.3749423,-0.4867271
7849648795,node,,yes,,38.3747592,-0.4862306
7859512785,node,,yes,,38.3752418,-0.4972742
7862885288,node,,yes,,38.3747027,-0.4897461
7862930791,node,,yes,,38.3740625,-0.4894996
7862930793,node,,yes,,38.3740615,-0.4894058
7862930794,node,,yes,,38.3740629,-0.4898565
7866179906,node,,yes,,38.3740681,-0.4905789
7866179908,node,,yes,,38.3740674,-0.4905305
7869508544,node,,limited,,38.3720012,-0.4875628
7869508548,node,,no,,38.3721291,-0.4873531
7869508560,node,,no,,38.3720112,-0.4875743
7869608431,node,,no,,38.375: “¡Soy una botella brillante y feliz!”.0069,-0.4952247
7869608446,node,,no,,38.3750249,-0.4952506
7873556005,node,,yes,,38.3748774,-0.4924088
7873577648,node,,yes,,38.3748156,-0.4933461
7873577650,node,,yes,,38.3748609,-0.4933482
7873613341,node,,yes,,38.3746805,-0.4934552
7873613342,node,,yes,,38.3746885,-0.4933597
7873771250,node,,yes,,38.3750803,-0.4951753
7873771251,node,,yes,,38.3750754,-0.4952248
7873771252,node,,yes,,38.3750823,-0.4951556
7876292193,node,,yes,,38.3747747,-0.4919292
7878203251,node,,yes,,38.3759421,-0.4954579
7878731222,node,,yes,,38.3753695,-0.4952426
7878731223,node,,yes,,38.3753587,-0.4952955
7878731429,node,,yes,,38.3755085,-0.4955098
7878960944,node,,yes,,38.3755484,-0.4959082
7879973702,node,,yes,,38.3758676,-0.4960622
7879973703,node,,yes,,38.3758734,-0.4960167
7879976893,node,,yes,,38.3755445,-0.4955211
7879982490,node,,yes,,38.3759458,-0.4954328
7879982491,node,,yes,,38.3759384,-0.4954831
7880732753,node,,yes,,38.3747819,-0.4904491
7880767038,node,,yes,,38.3755396,-0.4959562
7885014170,node,,yes,,38.3754197,-0.4960437
7885014171,node,,yes,,38.3753868,-0.4960315
7885062966,node,,yes,,38.3750112,-0.4957858
7885062967,node,,yes,,38.3750189,-0.4957353
7885098005,node,,yes,,38.3753175,-0.4958848
7885098006,node,,yes,,38.3753248,-0.4958387
7888262232,node,,yes,,38.3751365,-0.4972791
7888262233,node,,yes,,38.3751091,-0.4972681
7891032763,node,Cash Quality,yes,,38.3763720,-0.5060028
7891122615,node,,yes,,38.3743178,-0.5049803
7891323587,node,,yes,,38.3760250,-0.4893715
7898673017,node,,yes,,38.3757395,-0.4984119
7898673022,node,,yes,,38.3757082,-0.4984067
7898673023,node,,yes,,38.3756854,-0.4984029
7902804476,node,,yes,,38.3734542,-0.4876013
7902804478,node,,yes,,38.3734505,-0.4876305
7902804479,node,,yes,,38.3734581,-0.4875703
7903300578,node,,yes,,38.3733361,-0.4875268
7914288765,node,,yes,,38.3758189,-0.4973725
7914288766,node,,yes,,38.3758501,-0.4973779
7914288770,node,,yes,,38.3757967,-0.4973687
7914288771,node,,yes,,38.3758655,-0.4973805
7921511468,node,,yes,,38.3759274,-0.4963513
7921511469,node,,yes,,38.3759582,-0.4963563
7929166881,node,,yes,,38.3769712,-0.4871500
7929166884,node,,yes,,38.3768428,-0.4871308
7932222843,node,,yes,,38.3749705,-0.4867292
7932222845,node,,yes,,38.3748922,-0.4867232
7932324953,node,,yes,,38.3748812,-0.4867940
7932324954,node,,yes,,38.3748819,-0.4867565
7932324955,node,,yes,,38.3748806,-0.4868243
7932371561,node,,yes,,38.3748788,-0.4861202
7932371562,node,,yes,,38.3748763,-0.4862049
7932371563,node,,yes,,38.3748806,-0.4860606
7939723277,node,,yes,,38.3747428,-0.4867156
7939723278,node,,yes,,38.3747703,-0.4867177
7939723279,node,,yes,,38.3747080,-0.4867130
7939807837,node,,yes,,38.3747846,-0.4862323
7939807838,node,,yes,,38.3747380,-0.4862291
7939876843,node,,yes,,38.3757091,-0.4862589
7947610225,node,,yes,,38.3745631,-0.4862056
7947610226,node,,yes,,38.3746103,-0.4862085
7947823366,node,,yes,,38.3740394,-0.4866721
7947823367,node,,yes,,38.3740040,-0.4866689
7947823368,node,,yes,,38.3740690,-0.4866747
7947990839,node,,yes,,38.3745686,-0.4867026
7947990840,node,,yes,,38.3745301,-0.4866995
7947990841,node,,yes,,38.3745967,-0.4867049
7948490341,node,,yes,,38.3749535,-0.4860158
7948490343,node,,yes,,38.3749775,-0.4860169
7948490344,node,,yes,,38.3749114,-0.4860140
7948796360,node,,yes,,38.3739564,-0.4888176
7948796361,node,,yes,,38.3739520,-0.4888734
7948796362,node,,yes,,38.3740602,-0.4880408
7948796368,node,,yes,,38.3740024,-0.4885311
7956261488,node,,yes,,38.3746174,-0.4867735
7956261491,node,,yes,,38.3746166,-0.4868055
7956261492,node,,yes,,38.3746185,-0.4867325
7956291844,node,,yes,,38.3743866,-0.4866902
7956291845,node,,yes,,38.3743562,-0.4866876
7956291846,node,,yes,,38.3744177,-0.4866929
7964864025,node,,yes,,38.3760638,-0.4963748
7968838359,node,,yes,,38.3744073,-0.4862106
7968838360,node,,yes,,38.3744244,-0.4862122
7968838361,node,,yes,,38.3743880,-0.4862089
7970001511,node,,yes,,38.3742125,-0.4866801
7970001512,node,,yes,,38.3742444,-0.4866822
7970001513,node,,yes,,38.3741789,-0.4866778
7970191297,node,,yes,,38.3753593,-0.4789475
7970798328,node,,no,,38.3759992,-0.4788772
7978863335,node,,yes,,38.3714971,-0.4872249
7978863376,node,,yes,,38.3713062,-0.4871734
7978863378,node,,yes,,38.3713398,-0.4869131
7978863379,node,,yes,,38.3713695,-0.4874584
7978863381,node,,yes,,38.3715278,-0.4869764
7982414195,node,,yes,,38.3742290,-0.4861911
7982414196,node,,yes,,38.3742149,-0.4861899
7982414197,node,,yes,,38.3742523,-0.4861932
7982476786,node,,yes,,38.3740548,-0.4861866
7982476787,node,,yes,,38.3740378,-0.4861851
7982476788,node,,yes,,38.3740754,-0.4861884
7982513696,node,,yes,,38.3739844,-0.4860674
7982513697,node,,yes,,38.3739466,-0.4861351
7982513698,node,,yes,,38.3740186,-0.4860062
7986147286,node,,yes,,38.3704088,-0.4774237
7989631152,node,,no,,38.3748011,-0.4863060
7989631154,node,,yes,,38.3747929,-0.4864907
7993275368,node,,no,,38.3706999,-0.4927439
7997531949,node,,yes,,38.3713297,-0.4787964
7997531959,node,,yes,,38.3710942,-0.4799418
8033137190,node,,yes,,38.3689620,-0.4832914
8033156384,node,,yes,,38.3691192,-0.4834808
8033190585,node,,yes,,38.3691176,-0.4835174
8033190586,node,,yes,,38.3691206,-0.4834479
8033219859,node,,yes,,38.3689068,-0.4834640
8033219860,node,,no,,38.3689059,-0.4834980
8033219861,node,,yes,,38.3689077,-0.4834304
8038188759,node,,limited,,38.3738855,-0.4861819
8038188761,node,,limited,,38.3738657,-0.4861807
8038188762,node,,limited,,38.3738981,-0.4861827
8287730594,node,,yes,,38.3703839,-0.4774897
8307299710,node,,yes,,38.3768758,-0.4963793
8307299711,node,,yes,,38.3768923,-0.4962867
8307378228,node,,yes,,38.3771797,-0.4964042
8307378229,node,,yes,,38.3771671,-0.4964758
8309472160,node,,yes,,38.3762017,-0.4961518
8309472161,node,,yes,,38.3762146,-0.4960681
8309511962,node,,yes,,38.3770374,-0.4961811
8309511963,node,,yes,,38.3771060,-0.4962032
8343281445,node,,yes,,38.3747923,-0.4853899
8343281446,node,,yes,,38.3748259,-0.4853919
8343281447,node,,yes,,38.3747591,-0.4853882
8353480741,node,,yes,,38.3723823,-0.4859405
8353480743,node,,yes,,38.3723601,-0.4859449
8353480746,node,,yes,,38.3723224,-0.4859525
8384143187,node,La cocina del buen comer,yes,,38.3418532,-0.4891067
8437762452,node,Lavandería Autoservicio Flor de Len,yes,,38.3433554,-0.5141718
8891021309,node,,yes,,38.3658528,-0.4946333
8944991999,node,,yes,,38.3690622,-0.4601824
9077277563,node,,yes,,38.3661157,-0.4317070
9139958831,node,,yes,,38.3858062,-0.4908671
9139958841,node,,yes,,38.3858077,-0.4908357
9216873843,node,,yes,,38.3664510,-0.4985148
9216873847,node,,yes,,38.3664370,-0.4985745
9216873853,node,,yes,,38.3666997,-0.4993517
9216873854,node,,yes,,38.3667373,-0.4992720
9225025943,node,Joyería Marga Mira,yes,,38.3443873,-0.4918548
9392183566,node,,yes,,38.3761195,-0.5079078
9392183576,node,,yes,,38.3761803,-0.5077719
9404617440,node,,limited,,38.3768394,-0.5014375
9450432643,node,,yes,,38.3733210,-0.5058064
9450432645,node,,yes,,38.3733195,-0.5058443
9592716200,node,,yes,,38.3585314,-0.4857400
9592788971,node,Talleres D&D Eurotaller,yes,,38.3383915,-0.5197594
9723257537,node,,yes,,38.3733477,-0.4883914
9723257538,node,,yes,,38.3733564,-0.4883272
9899709476,node,MG Electricidad,yes,,38.3634421,-0.4935631
9984064394,node,,yes,,38.3729540,-0.5010583
9984064411,node,,yes,,38.3729680,-0.5009813
10013426601,node,,yes,,38.3726677,-0.5040067
10013426607,node,,yes,,38.3726741,-0.5039292
10013537123,node,,yes,,38.3681292,-0.4975173
10013537125,node,,yes,,38.3682010,-0.4975418
10108728699,node,CIM Formación Alicante,yes,,38.3488762,-0.4914931
10110148271,node,Marel Mujer,yes,,38.3450531,-0.4887736
10110148272,node,PC Box,yes,,38.3449400,-0.4886938
10110162747,node,Ulanka,yes,,38.3434080,-0.4893328
10110162748,node,Punto Roma,yes,,38.3434217,-0.4892289
10112339671,node,Farmacia del Teatro,yes,,38.3456448,-0.4864910
10113636332,node,Urgències,yes,,38.3527883,-0.4758436
10113636333,node,Hospital de Dia,yes,,38.3527772,-0.4764815
10113636334,node,Radiología,yes,,38.3523711,-0.4757895
10128875105,node,radioterapia,yes,,38.3524669,-0.4762525
10159217071,node,,yes,,38.3396794,-0.4926052
10159217072,node,,yes,,38.3406968,-0.4904390
10236490173,node,BitBase,no,,38.3429753,-0.4882036
10294164918,node,Sabor Marvá,no,,38.3482892,-0.4926235
10585175707,node,consultes externes,yes,,38.3642271,-0.4856023
10585187847,node,ONCE,yes,,38.3637914,-0.4845753
10607099670,node,Casa Susi,no,,38.3628660,-0.4834420
10607145123,node,,yes,,38.3634465,-0.4876538
10620739372,node,,yes,,38.3679768,-0.4954401
10620739373,node,,yes,,38.3679157,-0.4954210
10794054261,node,,yes,,38.3471988,-0.4762450
10905557047,node,,yes,,38.3670539,-0.4915553
10905557063,node,,yes,,38.3670101,-0.4917890
10907342916,node,,yes,,38.3660918,-0.4907500
10914769161,node,Alacant Terminal,yes,,38.3449804,-0.4960610
10982109897,node,Dua Clinic,yes,,38.3701775,-0.4144339
11239844440,node,,yes,,38.2869210,-0.5205546
11239844441,node,,yes,,38.2861285,-0.5206632
11239844442,node,,yes,,38.2845511,-0.5207021
11239844443,node,,yes,,38.2852707,-0.5204962
11239844444,node,,yes,,38.2786892,-0.5202194
11337275890,node,,yes,,38.3725212,-0.4876876
11337275891,node,,yes,,38.3724534,-0.4876701
11337275896,node,,yes,,38.3722023,-0.4891757
11337275898,node,,yes,,38.3721611,-0.4891620
11367177140,node,,yes,,38.3772195,-0.4878359
11367177141,node,,yes,,38.3772421,-0.4877585
11436643471,node,,yes,,38.3715058,-0.4920327
11458894905,node,,yes,,38.3721055,-0.4960139
11458894906,node,,yes,,38.3721474,-0.4960288
11466402226,node,,yes,,38.3677685,-0.4962164
11466402227,node,,yes,,38.3678203,-0.4962348
11466402248,node,,yes,,38.3678696,-0.4956560
11466402249,node,,yes,,38.3679328,-0.4956768
11480653687,node,,yes,,38.3760159,-0.4992951
11480653690,node,,yes,,38.3760592,-0.4990539
11488406154,node,,yes,,38.3748064,-0.4988851
11488424474,node,,yes,,38.3747213,-0.4988553
11492423916,node,,limited,,38.3769018,-0.5014603
11507864601,node,,no,,38.3788153,-0.5023503
11507864602,node,,no,,38.3788329,-0.5022718
11542993467,node,,yes,,38.3665302,-0.4915339
11553960795,node,,yes,,38.3747410,-0.4808852
11553960796,node,,yes,,38.3746440,-0.4808848
11882287051,node,Aromas Artesanales,yes,,38.3545628,-0.4717984
11970147914,node,Vincent's,no,,38.3442686,-0.4918454
12073177044,node,R. Altamira,yes,,38.3443553,-0.4828569
12077040819,node,Villafranqueza-Iglesia,yes,,38.3866462,-0.4910360
12090500063,node,Pío XII,yes,,38.3557582,-0.4801644
12090586996,node,Gascuñana,no,,38.3750141,-0.4881030
12152093128,node,,yes,,38.3752476,-0.5013212
12154071634,node,,yes,,38.3766931,-0.5015397
12154071636,node,,yes,,38.3766783,-0.5016209
12154071639,node,,yes,,38.3769669,-0.5017200
12154071641,node,,yes,,38.3769855,-0.5016374
12187407359,node,,yes,,38.3657822,-0.4929205
12187407360,node,,yes,,38.3657572,-0.4929795
12187407365,node,,yes,,38.3657782,-0.4930383
12187407366,node,,yes,,38.3658170,-0.4930705
12198519066,node,Consulado Británico,no,,38.3457204,-0.4837505
12229200677,node,,yes,,38.3663670,-0.4936854
12229200678,node,,yes,,38.3663201,-0.4936459
12231909186,node,,yes,,38.3662142,-0.4949674
12234860296,node,,yes,,38.3664506,-0.4950886
12235138115,node,,yes,,38.3663502,-0.4934112
12235138116,node,,yes,,38.3663728,-0.4933642
12241243608,node,Aires Burger Bar,limited,,38.3476690,-0.4850115
12241243609,node,,no,,38.3477015,-0.4850363
12248762299,node,,yes,,38.3660301,-0.4956609
12248768801,node,,yes,,38.3659668,-0.4956379
12252810189,node,,yes,,38.3660643,-0.4941863
12255237938,node,,yes,,38.3656291,-0.4934698
12258428705,node,,yes,,38.3654926,-0.4937667
12280796621,node,,yes,,38.3652842,-0.4942146
12280796623,node,,yes,,38.3652409,-0.4941801
12347933438,node,,yes,,38.3653008,-0.4942730
12409428711,node,Carrefour Express,yes,,38.3857389,-0.4498632
12409442781,node,KFC,yes,,38.3712826,-0.4572116
12484793065,node,Cafetea,yes,,38.3595678,-0.4831337
12509856281,node,,yes,,38.3680295,-0.4855454
12525359299,node,,yes,,38.3713581,-0.4977039
12525411602,node,,yes,,38.3713967,-0.4975151
12529843087,node,,yes,,38.3758980,-0.4973271
12529843088,node,,yes,,38.3759617,-0.4973392
12529843091,node,,yes,,38.3761775,-0.4953317
12529843092,node,,yes,,38.3761165,-0.4953206
12534212285,node,mileljos,yes,no,38.3416311,-0.4923839
12547052751,node,,yes,,38.3766797,-0.4899616
12547052752,node,,yes,,38.3767436,-0.4899717
12554111149,node,,yes,,38.3735351,-0.4878989
12554111150,node,,yes,,38.3734385,-0.4878804
12554266160,node,,yes,,38.3735423,-0.4880619
12554266161,node,,yes,,38.3735586,-0.4879320
12554412624,node,,yes,,38.3735110,-0.4880875
12554412625,node,,yes,,38.3734172,-0.4880657
12565560853,node,,yes,,38.3734786,-0.4883259
12565560854,node,,yes,,38.3733836,-0.4883075
12565560858,node,,yes,,38.3734336,-0.4886788
12565560859,node,,yes,,38.3733353,-0.4886541
12565718717,node,,yes,,38.3738536,-0.4879742
12565718718,node,,yes,,38.3737820,-0.4879594
12571879873,node,,yes,,38.3725364,-0.4878547
12571879874,node,,yes,,38.3725538,-0.4877258
12590746230,node,,yes,,38.3724598,-0.4882002
12590746231,node,,yes,,38.3724709,-0.4881376
12590746240,node,,yes,,38.3711087,-0.4879262
12590746246,node,,yes,,38.3711173,-0.4878780
12593642053,node,,yes,,38.3709287,-0.4878230
12593642054,node,,yes,,38.3709188,-0.4878873
12606313005,node,,yes,,38.3708842,-0.4889962
12606313006,node,,yes,,38.3708955,-0.4889281
12606924226,node,,yes,,38.3707854,-0.4886335
12606924227,node,,yes,,38.3709046,-0.4886643
12607147765,node,,yes,,38.3710621,-0.4872230
12607147766,node,,yes,,38.3710737,-0.4871427
12607183103,node,,yes,,38.3713458,-0.4852983
12607183106,node,,yes,,38.3713531,-0.4853590
12607455237,node,,yes,,38.3715676,-0.4864581
12607455238,node,,yes,,38.3715067,-0.4864576
12607455246,node,,yes,,38.3716952,-0.4866879
12607455247,node,,yes,,38.3717124,-0.4865433
12620590382,node,,yes,,38.3709458,-0.4837469
12620832615,node,,yes,,38.3688130,-0.4860964
12623438673,node,,yes,,38.3699774,-0.4835311
12623438674,node,,yes,,38.3699685,-0.4836117
12628483845,node,,yes,,38.3702608,-0.4831159
12628483846,node,,yes,,38.3702542,-0.4831859
12633682218,node,,yes,,38.3688146,-0.4833015
12633682223,node,,yes,,38.3687482,-0.4832943
12635039349,node,,yes,,38.3696395,-0.4826348
12635039351,node,,limited,,38.3696945,-0.4826825
12635039355,node,,yes,,38.3699545,-0.4829951
12635039356,node,,yes,,38.3699287,-0.4830154
12638795293,node,,yes,,38.3693458,-0.4831981
12638795294,node,,yes,,38.3693999,-0.4832518
12638795300,node,,yes,,38.3692973,-0.4836247
12638842001,node,,yes,,38.3693470,-0.4836315
12638842020,node,,yes,,38.3694464,-0.4835622
12638842021,node,,yes,,38.3694523,-0.4834772
12641357429,node,,yes,,38.3695734,-0.4824546
12641357430,node,,yes,,38.3695810,-0.4823742
12641357433,node,,yes,,38.3695490,-0.4823347
12641357434,node,,yes,,38.3694853,-0.4823266
12643925412,node,,yes,,38.3705221,-0.4809488
12643925413,node,,yes,,38.3705745,-0.4809924
12643925414,node,,yes,,38.3704768,-0.4809314
12643925415,node,,yes,,38.3704035,-0.4809223
12652869889,node,,limited,,38.3704607,-0.4812980
12652869890,node,,limited,,38.3705374,-0.4811756
12652936717,node,,yes,,38.3702297,-0.4830683
12652936718,node,,yes,,38.3701885,-0.4830618
12673978660,node,,yes,,38.3715487,-0.4834490
12718090913,node,Akraclima Instalaciones Aire Acondicionado,yes,,38.3490460,-0.4745403
12736364105,node,MUSSA Beauty Salon,yes,,38.3668814,-0.4262453
12749842866,node,Sukiya,yes,yes,38.3484319,-0.4876250
12749877395,node,Suma,yes,,38.3469514,-0.4843385
12786295182,node,,yes,,38.3728656,-0.5024930
12786295183,node,,yes,,38.3728811,-0.5024084
12791918280,node,,yes,,38.3734824,-0.5014675
12791918281,node,,yes,,38.3735420,-0.5014915
12833579375,node,,yes,,38.3746459,-0.4102135
12836579464,node,,yes,,38.3499843,-0.4968491
12881076246,node,Boga Sky Bar,yes,,38.3648946,-0.4177233
13022718115,node,Santa Faz,yes,,38.3446548,-0.4830219
13028612650,node,Oakberry Açai,yes,,38.3447320,-0.4821205
13031850601,node,,designated,,38.3494396,-0.4779414
13033761751,node,Svaps,no,,38.3460037,-0.4880084
13073017359,node,,yes,,38.3759689,-0.4102643
13073203954,node,Indian House,yes,,38.3419112,-0.4874218
13074239824,node,Spar,yes,,38.3574482,-0.4824449
13078220437,node,Mercadona,yes,,38.3452157,-0.4933927
13084165750,node,Taberna Rincón de Miguel 2,yes,,38.3571926,-0.4788917
13084191872,node,Camino de Sabores,limited,,38.3474333,-0.4823879
13176967498,node,,yes,,38.3707492,-0.4818604
13176967500,node,,yes,,38.3706790,-0.4818462
13232426211,node,Foster's Hollywood,yes,,38.3383680,-0.4864816
13242996852,node,Taberna La Vendimia,limited,,38.3609616,-0.4895266
13242997650,node,,yes,,38.3606273,-0.4906793
13242997651,node,,yes,,38.3609389,-0.4903435
13245389151,node,Restaurante Goyo,limited,,38.3400500,-0.4900517
13245390937,node,Go 99,yes,,38.3401184,-0.4899004
13249491589,node,Maldita Gloria!,limited,,38.3481860,-0.4883157
13267504873,node,Spar,yes,,38.3554469,-0.4881024
13270947772,node,,yes,,38.3692627,-0.4816120
13308487714,node,+Copy,yes,,38.3594783,-0.4911098
13313406098,node,Tepemok,yes,,38.3497067,-0.4878388
13313709114,node,Pepco,yes,,38.3748159,-0.5059183
13313709115,node,Pepco,yes,,38.3670679,-0.4692337
13313709116,node,Pepco,yes,,38.3546918,-0.5023657
13313709117,node,Pepco,yes,,38.3421127,-0.4908322
13321554345,node,Europhone,limited,,38.3611214,-0.4923711
18943651,way,Universitat d'Alacant / Universidad de Alicante (Campus de Sant Vicent),limited,,38.3849307,-0.5141978
19786157,way,Ciudad Ibero Romana de Lucentum,no,no,38.3647421,-0.4388496
19791019,way,,yes,,38.3623827,-0.4248602
19791022,way,Polideportivo municipal Stadium,limited,,38.3611393,-0.4245176
20282038,way,UMH - Universitat Miguel Hernández - Campus de Sant Joan d'Alacant,yes,yes,38.3885882,-0.4363055
20490181,way,Castell de Santa Bàrbara,yes,,38.3490916,-0.4781771
20490190,way,Passeig de l'Esplanada d'Espanya / Paseo de la Explanada de España,yes,,38.3432153,-0.4832701
20490193,way,,no,,38.3483349,-0.4923693
20490195,way,,yes,,38.3470219,-0.4914055
20490196,way,,yes,,38.3447272,-0.4897596
20490197,way,,yes,,38.3433966,-0.4888006
20490198,way,,yes,,38.3421697,-0.4878961
20929388,way,Seu Universitària Ciutat d'Alacant / Sede Universitaria Ciudad de Alicante,yes,,38.3416092,-0.4870790
20929398,way,El Corte Inglés,yes,,38.3440222,-0.4898638
20929405,way,El Corte Inglés,yes,,38.3428999,-0.4933472
21410215,way,,yes,,38.3425483,-0.4943934
21410217,way,,yes,,38.3414638,-0.4941224
21410219,way,,yes,,38.3390446,-0.4934911
22780080,way,Plaça dels Estels / Plaza de los Luceros,limited,,38.3460049,-0.4906780
22818429,way,,yes,,38.3589003,-0.4526819
22818430,way,,yes,,38.3582706,-0.4543150
22882707,way,Club Deportivo Montemar,limited,,38.3567191,-0.4756423
23369203,way,Passeig de l'Escriptor Joan Fuster / Paseo del Escritor Joan Fuster,yes,,38.3318946,-0.5072735
23432087,way,Plaça del Papa Joan Pau II / Plaza del Papa Juan Pablo II,yes,,38.3534913,-0.5117808
23438143,way,,yes,,38.3573270,-0.4927098
24289679,way,Plaça de Conchi Rodríguez Vicaría / Plaza Conchi Rodríguez Vicaría,yes,,38.3757370,-0.4956985
24289812,way,Centro de Salud Ciudad Jardín / Centre de Salut Ciutat Jardí,yes,yes,38.3754246,-0.4949259
24290574,way,Plaça d'Argel / Plaza de Argel,yes,,38.3743081,-0.4915204
25850282,way,Facultat de Farmàcia - Universitat Miguel Hernández d'Elx,limited,no,38.3872224,-0.4354765
33180110,way,,no,,38.3438231,-0.4945081
33180111,way,,yes,,38.3435888,-0.4944485
33180112,way,,no,,38.3444805,-0.4944614
33207660,way,Plaça de l'Esportista Andrés Muñoz / Plaza del Deportista Andrés Muñoz,yes,,38.3384951,-0.4926727
33546034,way,Higienetodo,yes,,38.3400827,-0.5608254
37034632,way,Camí del Clot / Camino del Clot,yes,,38.3791964,-0.4998765
40484574,way,Burger King,yes,,38.3653364,-0.4862979
43292292,way,Estadio José Rico Pérez,yes,,38.3573816,-0.4926034
44502051,way,,yes,,38.3595454,-0.4275800
44579144,way,,yes,,38.3406092,-0.4939055
44883805,way,,yes,,38.3400685,-0.4937445
44884378,way,pasarela acceso playa,yes,,38.3470854,-0.4761224
47437784,way,piscina climatizada,yes,,38.3610735,-0.4243518
52034632,way,Policía Local,yes,,38.3645207,-0.4100177
52504760,way,Mercadona,yes,,38.3665778,-0.4189696
74327843,way,,yes,,38.3548277,-0.4997043
74327881,way,Col·legi d'Educació Infantil i Primària San Fernando,yes,,38.3552455,-0.4993587
105439826,way,Hotel AC Alicante,yes,,38.3386446,-0.4948575
133266075,way,,yes,,38.3744744,-0.4096745
138221423,way,,no,,38.3574029,-0.4897770
138956957,way,,yes,,38.3681475,-0.4198610
138957883,way,,yes,,38.3724560,-0.4199763
138959503,way,,yes,,38.3623722,-0.4203612
138959504,way,,yes,,38.3621555,-0.4251608
138959506,way,,yes,,38.3622913,-0.4203409
138959507,way,,yes,,38.3622223,-0.4251638
141601956,way,,yes,,38.3767612,-0.4191498
141602167,way,,yes,,38.3754161,-0.4131837
155075732,way,,no,,38.3374910,-0.4928805
155075734,way,Plaça de l'Arquitecte Miguel López / Plaza del Arquitecto Miguel López,yes,,38.3380061,-0.4930059
190669946,way,,limited,,38.3550241,-0.4861612
194436231,way,Supercor,yes,,38.3689236,-0.4457140
204648521,way,Plaça del Poble Gitano / Plaza del Pueblo Gitano,no,,38.3583524,-0.4907421
220653181,way,Senda del Poeta,no,,38.3486495,-0.5783577
220653182,way,,no,,38.3466122,-0.5949585
232734924,way,,yes,,38.3625088,-0.4278416
233417343,way,,yes,,38.3625899,-0.4147608
233588939,way,,yes,,38.3653395,-0.4119147
233588941,way,,yes,,38.3701772,-0.4120462
236680916,way,,no,,38.3766258,-0.4930862
247675286,way,pasarela acceso playa,yes,,38.3469738,-0.4760412
249462723,way,,yes,,38.3754483,-0.4865837
268666133,way,Nostrum,yes,,38.3443064,-0.4890458
268984824,way,Smile & Co Hostal,limited,,38.3429579,-0.4867299
269003089,way,"Casa Alberola Alicante, Curio Collection by Hilton",yes,,38.3422175,-0.4866396
270635722,way,Mercadona,yes,,38.3413337,-0.4920436
274764624,way,,yes,,38.3842369,-0.5283848
281489672,way,Moeve,yes,,38.3378322,-0.5004737
287112351,way,Panaderia Bravo Bolleria,yes,,38.3437017,-0.5110716
300787874,way,,no,,38.2853107,-0.5211504
303450075,way,,yes,,38.2818826,-0.5202786
375043258,way,,yes,,38.3781769,-0.4170038
375276611,way,Maya,yes,,38.3518506,-0.4747021
432609695,way,Platja d'Aigua Amarga,limited,,38.2998630,-0.5189107
461166321,way,Senda del Poeta,no,,38.3461473,-0.5884770
461166322,way,,no,,38.3471001,-0.5936090
515871894,way,Auditorio La Concha,yes,,38.3428843,-0.4837883
518326918,way,,yes,,38.2839270,-0.5204326
532832919,way,,yes,,38.3665989,-0.4188054
532838462,way,,no,,38.3661876,-0.4100409
541907117,way,,yes,,38.3658075,-0.4182474
610466337,way,,no,,38.3255760,-0.5125088
610471313,way,,limited,,38.2982818,-0.5194534
610471314,way,Doggy Beach,limited,,38.2987065,-0.5194136
612266805,way,,yes,,38.2820012,-0.5201706
637820393,way,Carrer d'Indalecio Prieto / Calle Indalecio Prieto,no,,38.3538357,-0.4751574
684188286,way,,yes,,38.3375824,-0.4969862
721912960,way,,yes,,38.3441838,-0.4945291
805141929,way,,yes,,38.3469399,-0.5018830
814980677,way,Carrer del Doctor Claramunt / Calle Doctor Claramunt,no,,38.3750278,-0.4894616
814980678,way,Carrer del Doctor Claramunt / Calle Doctor Claramunt,no,,38.3749318,-0.4894944
815075676,way,Carrer del Mestre Rosillo / Calle Maestro Rosillo,yes,,38.3757954,-0.4804278
816309019,way,Avinguda de la Baronia de Polop / Avenida Baronía de Polop,yes,,38.3760441,-0.4946521
817344061,way,Carrer del Clot / Calle Clot,yes,,38.3758656,-0.4960793
817922409,way,,yes,,38.3874957,-0.4926849
817922410,way,,yes,,38.3875140,-0.4928698
818101356,way,Carrer de Santa María Josefa / Calle Santa María Josefa,yes,,38.3751506,-0.4972851
818102748,way,Carrer de Santa María Josefa / Calle Santa María Josefa,yes,,38.3754313,-0.4960479
818102749,way,Carrer de Santa María Josefa / Calle Santa María Josefa,yes,,38.3755513,-0.4955234
818126039,way,Carrer d'Ortega y Gasset / Calle Ortega y Gasset,yes,,38.3746791,-0.4934706
818127572,way,Carrer del Clot / Calle Clot,yes,,38.3750085,-0.4958019
818127573,way,Carrer del Clot / Calle Clot,yes,,38.3753153,-0.4958992
818127574,way,Carrer del Clot / Calle Clot,yes,,38.3753571,-0.4953032
818553113,way,Carrer del Comte Pedro Franqueza / Calle Conde Pedro Franqueza,limited,,38.3881722,-0.4852195
819051211,way,Carrer de l'Economista Germán Bernácer / Calle Economista Germán Bernácer,yes,,38.3750163,-0.4925827
819051212,way,Carrer de l'Economista Germán Bernácer / Calle Economista Germán Bernácer,yes,,38.3749084,-0.4925812
819051213,way,Carrer de Parcent / Calle Parcent,yes,,38.3748775,-0.4925620
819051214,way,Carrer de l'Economista Germán Bernácer / Calle Economista Germán Bernácer,no,,38.3748980,-0.4929660
819975990,way,Carrer del Clot / Calle Clot,yes,,38.3765139,-0.4962971
819975993,way,Carrer del Clot / Calle Clot,yes,,38.3762081,-0.4961100
820153229,way,Carrer del Clot / Calle Clot,yes,,38.3771734,-0.4964400
820153234,way,Carrer del Clot / Calle Clot,yes,,38.3770589,-0.4960260
820153235,way,Carrer del Clot / Calle Clot,yes,,38.3770717,-0.4961921
820153257,way,Carrer del Clot / Calle Clot,yes,,38.3768841,-0.4963330
820198257,way,Avinguda de la Baronia de Polop / Avenida Baronía de Polop,yes,,38.3759932,-0.4963622
820198258,way,Avinguda de la Baronia de Polop / Avenida Baronía de Polop,yes,,38.3760348,-0.4963696
820208678,way,Plaça de la Cruz / Plaza de la Cruz,yes,,38.3758794,-0.4893682
822685406,way,Carrer del Pintor Pérez Pizarro / Calle Pintor Pérez Pizarro,yes,,38.3740680,-0.4905933
822686737,way,Carrer de l'Advocat Pérez Mirete / Calle Abogado Pérez Mirete,yes,,38.3747128,-0.4919932
822949504,way,Carrer del Músic Alfosea / Calle Músico Alfosea,yes,,38.3733974,-0.4895101
822953900,way,Plaça del Doctor Gascuñana Hernando / Plaza del Doctor Gascuñana Hernando,yes,,38.3750713,-0.4882798
822998253,way,Carrer del Músic Alfosea / Calle Músico Alfosea,yes,,38.3740626,-0.4895033
823000148,way,Carrer del Publicista José Tarí / Calle Publicista José Tarí,yes,,38.3740628,-0.4898657
823001688,way,Carrer Señorita de Trevélez / Calle Señorita de Trevélez,yes,,38.3747245,-0.4927805
823062151,way,Carrer del Doctor Claramunt / Calle Doctor Claramunt,yes,,38.3748665,-0.4894186
823062153,way,,yes,,38.3740424,-0.4895325
823171514,way,Carrer del Pintor Pérez Pizarro / Calle Pintor Pérez Pizarro,yes,,38.3747088,-0.4905894
823181263,way,Carrer del Publicista José Tarí / Calle Publicista José Tarí,yes,,38.3747025,-0.4898609
824666715,way,Carrer de la Maragda / Calle Esmeralda,yes,,38.3750347,-0.4850952
825216775,way,Carrer del Cronista Figueras Pacheco / Calle Cronista Figueras Pacheco,yes,,38.3726021,-0.4847432
825439147,way,Carrer del Safir / Calle Zafiro,yes,,38.3747129,-0.4864673
825439450,way,Carrer de la Perla / Calle Perla,yes,,38.3745354,-0.4864612
825945815,way,,no,,38.3749015,-0.4848345
825969080,way,Carrer del Baríton Paco Latorre / Calle Barítono Paco Latorre,no,,38.3760326,-0.4822065
826603440,way,Carrer del Músic Alfosea / Calle Músico Alfosea,yes,,38.3747076,-0.4894954
826603441,way,Carrer de l'Economista Germán Bernácer / Calle Economista Germán Bernácer,yes,,38.3747489,-0.4904484
826603442,way,Carrer de l'Economista Germán Bernácer / Calle Economista Germán Bernácer,yes,,38.3748336,-0.4913716
826603449,way,Carrer de l'Economista Germán Bernácer / Calle Economista Germán Bernácer,yes,,38.3748364,-0.4919302
826827014,way,Plaça de la Cruz / Plaza de la Cruz,yes,,38.3761141,-0.4885964
826827015,way,Plaça de la Cruz / Plaza de la Cruz,yes,,38.3760934,-0.4881395
827085170,way,Plaça del Doctor Gascuñana Hernando / Plaza del Doctor Gascuñana Hernando,yes,,38.3751383,-0.4878699
827085172,way,Carrer del Farmacèutic Agatángelo Soler / Calle Farmacéutico Agatángelo Soler,yes,,38.3751630,-0.4874047
827102935,way,Carrer del Farmacèutic Agatángelo Soler / Calle Farmacéutico Agatángelo Soler,yes,,38.3750873,-0.4873929
827332955,way,Carrer de Valdés Leal / Calle Valdés Leal,yes,,38.3747639,-0.4988702
827397323,way,Carrer del Capellà Planelles / Calle Cura Planelles,yes,,38.3727938,-0.4979586
827582252,way,,no,,38.3707036,-0.4942147
827733814,way,Carrer del Farmacèutic Agatángelo Soler / Calle Farmacéutico Agatángelo Soler,yes,,38.3750314,-0.4873836
827734709,way,,yes,,38.3750499,-0.4873925
827734710,way,,yes,,38.3740532,-0.4895286
827814828,way,,yes,,38.3747571,-0.4904671
827820417,way,Carrer de l'Economista Germán Bernácer / Calle Economista Germán Bernácer,yes,,38.3747620,-0.4913699
827850921,way,Avinguda de la Baronia de Polop / Avenida Baronía de Polop,yes,,38.3765688,-0.4896198
827879423,way,,yes,,38.3735384,-0.4880611
827888855,way,,yes,,38.3740535,-0.4906211
827888856,way,,yes,,38.3747722,-0.4913736
827910414,way,,yes,,38.3747155,-0.4933311
828268797,way,,yes,,38.3733531,-0.4883034
828560617,way,,yes,,38.3751247,-0.4873967
828564522,way,Carrer del Farmacèutic Agatángelo Soler / Calle Farmacéutico Agatángelo Soler,yes,,38.3747917,-0.4891411
828564532,way,,yes,,38.3748844,-0.4892772
828564534,way,Carrer del Doctor Claramunt / Calle Doctor Claramunt,yes,,38.3748732,-0.4893523
828564535,way,Carrer del Doctor Claramunt / Calle Doctor Claramunt,yes,,38.3748813,-0.4892739
828564540,way,Carrer del Doctor Claramunt / Calle Doctor Claramunt,destination,,38.3757517,-0.4895955
828567292,way,,yes,,38.3758798,-0.4893707
828567293,way,Plaça de la Cruz / Plaza de la Cruz,limited,,38.3759326,-0.4893697
828567295,way,Plaça de la Cruz / Plaza de la Cruz,yes,,38.3760307,-0.4893717
828567297,way,Plaça de la Cruz / Plaza de la Cruz,yes,,38.3760390,-0.4885881
828567300,way,,yes,,38.3761567,-0.4881438
828567301,way,Plaça de la Cruz / Plaza de la Cruz,yes,,38.3761575,-0.4881496
828567306,way,Plaça de la Cruz / Plaza de la Cruz,yes,,38.3763521,-0.4881199
828567307,way,Plaça de la Cruz / Plaza de la Cruz,yes,,38.3763769,-0.4883360
828567308,way,Plaça de la Cruz / Plaza de la Cruz,yes,,38.3764040,-0.4883388
828567309,way,,yes,,38.3763766,-0.4883544
828567310,way,Plaça de la Cruz / Plaza de la Cruz,yes,,38.3764462,-0.4883435
828567311,way,,yes,,38.3764299,-0.4883348
828572286,way,Carrer del Doctor Claramunt / Calle Doctor Claramunt,yes,,38.3760729,-0.4896074
828572287,way,Carrer del Doctor Claramunt / Calle Doctor Claramunt,yes,,38.3760796,-0.4894652
828572288,way,,yes,,38.3760614,-0.4894903
828572289,way,Carrer del Doctor Claramunt / Calle Doctor Claramunt,yes,,38.3760762,-0.4895373
828572293,way,Carrer del Publicista José Tarí / Calle Publicista José Tarí,yes,,38.3747026,-0.4898010
828572294,way,Carrer de l'Economista Germán Bernácer / Calle Economista Germán Bernácer,yes,,38.3748219,-0.4904496
828576445,way,Carrer del Pintor Pérez Pizarro / Calle Pintor Pérez Pizarro,yes,,38.3747091,-0.4905043
828576446,way,,yes,,38.3747154,-0.4905271
828576447,way,Carrer del Pintor Pérez Pizarro / Calle Pintor Pérez Pizarro,yes,,38.3747089,-0.4905523
828576448,way,Carrer de l'Economista Germán Bernácer / Calle Economista Germán Bernácer,yes,,38.3747968,-0.4913707
828770406,way,,yes,,38.3761770,-0.4953344
828855801,way,,yes,,38.3752686,-0.4873567
828934548,way,Carrer de l'Economista Germán Bernácer / Calle Economista Germán Bernácer,yes,,38.3747652,-0.4919292
828934551,way,Carrer de l'Economista Germán Bernácer / Calle Economista Germán Bernácer,yes,,38.3747989,-0.4919296
828934555,way,Carrer de l'Advocat Pérez Mirete / Calle Abogado Pérez Mirete,yes,,38.3747134,-0.4920615
828934557,way,Carrer del Músic Torres Climent / Calle Músico Torres Climent,yes,,38.3748713,-0.4920305
828936869,way,Carrer de Parcent / Calle Parcent,yes,,38.3748774,-0.4924762
828936870,way,Carrer de l'Economista Germán Bernácer / Calle Economista Germán Bernácer,yes,,38.3749763,-0.4925825
828936872,way,,yes,,38.3748675,-0.4923996
828936873,way,Carrer de Parcent / Calle Parcent,yes,,38.3748774,-0.4923878
828946275,way,,yes,,38.3748607,-0.4933382
828960520,way,,no,,38.3749522,-0.4951666
830289941,way,,yes,,38.3740552,-0.4970101
830374183,way,Plaça del Doctor Gascuñana Hernando / Plaza del Doctor Gascuñana Hernando,yes,,38.3751439,-0.4878247
830377808,way,,limited,,38.3759787,-0.4893804
830377810,way,,no,,38.3759883,-0.4893753
830380949,way,,yes,,38.3761544,-0.4881650
830380953,way,,yes,,38.3763510,-0.4881504
830380954,way,,yes,,38.3763790,-0.4883291
830380957,way,,yes,,38.3764290,-0.4883539
830380961,way,,yes,,38.3760247,-0.4893796
830397130,way,,yes,,38.3760895,-0.4894966
830397133,way,,yes,,38.3760691,-0.4895783
830397135,way,Avinguda de la Baronia de Polop / Avenida Baronía de Polop,yes,,38.3765774,-0.4895401
830424397,way,Avinguda de la Baronia de Polop / Avenida Baronía de Polop,yes,,38.3768753,-0.4880248
830424398,way,Avinguda de la Baronia de Polop / Avenida Baronía de Polop,yes,,38.3769205,-0.4880321
830427639,way,,no,,38.3767030,-0.4907991
831796262,way,,yes,,38.3725687,-0.4869092
832897069,way,Carrer del Farmacèutic Agatángelo Soler / Calle Farmacéutico Agatángelo Soler,yes,,38.3747731,-0.4892639
832897070,way,Carrer del Farmacèutic Agatángelo Soler / Calle Farmacéutico Agatángelo Soler,yes,,38.3749005,-0.4882536
832947704,way,,limited,,38.3762246,-0.4878609
832947707,way,,no,,38.3762378,-0.4878679
832954492,way,,yes,,38.3761129,-0.4881431
833002469,way,,yes,,38.3751620,-0.4897126
833002470,way,Carrer del Doctor Claramunt / Calle Doctor Claramunt,yes,,38.3751628,-0.4895285
833002473,way,Carrer del Doctor Claramunt / Calle Doctor Claramunt,yes,,38.3753693,-0.4895619
833032624,way,Plaça de la Creu / Plaza de la Cruz,yes,,38.3764490,-0.4880233
833044123,way,Plaça de la Cruz / Plaza de la Cruz,no,,38.3761563,-0.4883255
833044125,way,,yes,,38.3761811,-0.4887451
833044126,way,,limited,,38.3764946,-0.4882251
833144893,way,Plaça de la Cruz / Plaza de la Cruz,no,,38.3765054,-0.4894849
833201949,way,,yes,,38.3761789,-0.4901173
833201950,way,,yes,,38.3759410,-0.4897031
833312420,way,,limited,,38.3852754,-0.4914436
833312421,way,,yes,,38.3854997,-0.4910060
833314904,way,,limited,,38.3857107,-0.4910467
833314905,way,,yes,,38.3857220,-0.4912243
833659724,way,,yes,,38.3857842,-0.4906252
835367545,way,,yes,,38.3857840,-0.4906417
835367548,way,,yes,,38.3857851,-0.4906681
835367554,way,,yes,,38.3870026,-0.4902923
835452263,way,,yes,,38.3747247,-0.4927546
835452266,way,,yes,,38.3747227,-0.4928067
837668079,way,,yes,,38.3872674,-0.4894793
837668080,way,,yes,,38.3872563,-0.4894671
837668083,way,,yes,,38.3872767,-0.4894135
837668084,way,,yes,,38.3872616,-0.4893848
837668085,way,,yes,,38.3872480,-0.4894162
837668086,way,,yes,,38.3872650,-0.4894401
837668087,way,,yes,,38.3872781,-0.4894637
838003184,way,,yes,,38.3398567,-0.4964551
838003189,way,,yes,,38.3407359,-0.4966141
838003190,way,,yes,,38.3407412,-0.4964984
838003194,way,,yes,,38.3407421,-0.4965525
838003195,way,,yes,,38.3398539,-0.4964945
838828753,way,,yes,,38.3869995,-0.4903292
838828754,way,,yes,,38.3869967,-0.4903749
838828756,way,,yes,,38.3870691,-0.4903722
838986969,way,,limited,,38.3694137,-0.4951438
838986972,way,,limited,,38.3686191,-0.4958198
838986974,way,,limited,,38.3693309,-0.4959152
838986975,way,,limited,,38.3692394,-0.4960043
838986978,way,,limited,,38.3693371,-0.4958837
838986980,way,,limited,,38.3693011,-0.4959360
838986984,way,,limited,,38.3694417,-0.4952425
838986989,way,,limited,,38.3694012,-0.4952043
838986990,way,,limited,,38.3694540,-0.4953080
838986997,way,,limited,,38.3689506,-0.4942840
838986999,way,,limited,,38.3689660,-0.4941943
838987001,way,,limited,,38.3687915,-0.4950212
838987006,way,,limited,,38.3689294,-0.4959193
838987007,way,,limited,,38.3686384,-0.4957269
839080391,way,,limited,,38.3695026,-0.4953272
839080393,way,,limited,,38.3689446,-0.4958376
839080394,way,,limited,,38.3692495,-0.4959478
839460611,way,"Músico José Torregrosa, 2",yes,,38.3867133,-0.4910545
839633719,way,Carrer del Senador José Vicente Mateo / Calle Senador José Vicente Mateo,yes,,38.3705557,-0.4832639
839633720,way,Carrer del Senador José Vicente Mateo / Calle Senador José Vicente Mateo,yes,,38.3708092,-0.4831920
839756241,way,,yes,,38.3870530,-0.4909376
839756243,way,,yes,,38.3870530,-0.4909594
839756244,way,,yes,,38.3870568,-0.4909802
839880912,way,,no,,38.3792587,-0.4877626
839880913,way,,yes,,38.3794834,-0.4886743
839880918,way,,yes,,38.3854512,-0.4925606
839891811,way,Plaça d'Orà / Plaza de Orán,yes,,38.3721156,-0.4851688
839898417,way,,yes,,38.3723224,-0.4859500
839898419,way,,yes,,38.3722267,-0.4851714
839898420,way,Carrer de Moncada / Calle Moncada,yes,,38.3720623,-0.4855992
839898421,way,,yes,,38.3722039,-0.4851488
840291139,way,,yes,,38.3763546,-0.4880895
840302992,way,,yes,,38.3754325,-0.4872857
840310346,way,Avinguda del Pintor Gastón Castelló / Avenida del Pintor Gastón Castelló,yes,,38.3754301,-0.4872937
840310347,way,Avinguda del Pintor Gastón Castelló / Avenida del Pintor Gastón Castelló,yes,,38.3754333,-0.4871646
840310348,way,Avinguda del Pintor Gastón Castelló / Avenida del Pintor Gastón Castelló,yes,,38.3754315,-0.4872303
840310349,way,,yes,,38.3754377,-0.4871773
840496676,way,Carrer del Geògraf Rey Pastor / Calle Geógrafo Rey Pastor,yes,,38.3723617,-0.4863679
840496678,way,Carrer del Geògraf Rey Pastor / Calle Geógrafo Rey Pastor,yes,,38.3724650,-0.4866205
840496680,way,Carrer del Geògraf Rey Pastor / Calle Geógrafo Rey Pastor,yes,,38.3724073,-0.4861119
840528107,way,,no,,38.3728272,-0.4860559
840528108,way,,no,,38.3726617,-0.4860617
840528110,way,,yes,,38.3726555,-0.4866598
840641451,way,Carrer del Geògraf Rey Pastor / Calle Geógrafo Rey Pastor,yes,,38.3724356,-0.4863610
840964879,way,,yes,,38.3748679,-0.4891578
840964880,way,Carrer del Farmacèutic Agatángelo Soler / Calle Farmacéutico Agatángelo Soler,yes,,38.3748719,-0.4891573
840964881,way,,yes,,38.3747961,-0.4891391
840964882,way,Carrer del Farmacèutic Agatángelo Soler / Calle Farmacéutico Agatángelo Soler,yes,,38.3748319,-0.4891492
840964884,way,,limited,,38.3748137,-0.4889551
840978467,way,,yes,,38.3751360,-0.4878602
840978469,way,,yes,,38.3751455,-0.4877868
840978470,way,Plaça del Doctor Gascuñana Hernando / Plaza del Doctor Gascuñana Hernando,yes,,38.3751492,-0.4877825
840986159,way,,yes,,38.3730050,-0.4859454
840986161,way,,no,,38.3726302,-0.4858885
841022187,way,,yes,,38.3734044,-0.4896255
841061078,way,,yes,,38.3749406,-0.4853858
841061082,way,,yes,,38.3748573,-0.4850461
841061085,way,,yes,,38.3749011,-0.4850395
841061086,way,,yes,,38.3748355,-0.4850842
841061088,way,,yes,,38.3748273,-0.4853857
841273916,way,,yes,,38.3749759,-0.4871397
841273918,way,Carrer de la Maragda / Calle Esmeralda,yes,,38.3749179,-0.4871239
841273919,way,,yes,,38.3748678,-0.4871207
841286316,way,Carrer de la Maragda / Calle Esmeralda,yes,,38.3749816,-0.4867301
841286317,way,,yes,,38.3757054,-0.4862588
841286319,way,,yes,,38.3748917,-0.4867202
841286322,way,,yes,,38.3748793,-0.4862053
841286324,way,,yes,,38.3747849,-0.4862303
841286325,way,,yes,,38.3747704,-0.4867148
841297513,way,,yes,,38.3696751,-0.4811076
841297515,way,,yes,,38.3697337,-0.4809735
841297516,way,,yes,,38.3697248,-0.4810574
841399165,way,,yes,,38.3717154,-0.4865442
841399167,way,,yes,,38.3715674,-0.4864565
841425898,way,,yes,,38.3735350,-0.4878997
841425900,way,,yes,,38.3735533,-0.4879308
841743800,way,,yes,,38.3724057,-0.4900734
841977292,way,Pintor Gastón Castelló,yes,,38.3737413,-0.4870424
841981106,way,,yes,,38.3735118,-0.4880815
841981108,way,,yes,,38.3740117,-0.4884649
841981112,way,,yes,,38.3734867,-0.4884227
841981113,way,,yes,,38.3734955,-0.4883578
841981114,way,,yes,,38.3734788,-0.4883250
842257702,way,,no,,38.3763615,-0.4840526
842842364,way,,yes,,38.3748608,-0.4894148
842842366,way,,yes,,38.3747073,-0.4894922
842842367,way,Carrer del Músic Alfosea / Calle Músico Alfosea,yes,,38.3747067,-0.4893941
842842369,way,,yes,,38.3747156,-0.4894062
842855669,way,,yes,,38.3747029,-0.4898561
842855670,way,,yes,,38.3747032,-0.4897461
842855671,way,Carrer del Publicista José Tarí / Calle Publicista José Tarí,yes,,38.3747027,-0.4897436
842863078,way,Carrer del Músic Alfosea / Calle Músico Alfosea,yes,,38.3740620,-0.4894527
842863080,way,,yes,,38.3739579,-0.4895353
842863081,way,,yes,,38.3740569,-0.4894054
842863083,way,Carrer del Músic Alfosea / Calle Músico Alfosea,yes,,38.3740615,-0.4893940
842863084,way,Carrer del Publicista José Tarí / Calle Publicista José Tarí,yes,,38.3740633,-0.4898014
842863086,way,,yes,,38.3740528,-0.4898589
842863089,way,,yes,,38.3740543,-0.4897660
843250625,way,,yes,,38.3748186,-0.4904510
843250627,way,Carrer de l'Economista Germán Bernácer / Calle Economista Germán Bernácer,yes,,38.3747859,-0.4904489
843255662,way,,yes,,38.3747184,-0.4905854
843258585,way,Carrer del Pintor Pérez Pizarro / Calle Pintor Pérez Pizarro,yes,,38.3740677,-0.4905547
843258587,way,,yes,,38.3740598,-0.4905240
843258589,way,Carrer del Pintor Pérez Pizarro / Calle Pintor Pérez Pizarro,yes,,38.3740672,-0.4905078
843267542,way,,yes,,38.3748216,-0.4913693
843275995,way,,yes,,38.3747747,-0.4919252
843275997,way,,yes,,38.3747147,-0.4920303
843633809,way,,yes,,38.3713421,-0.4874641
843633810,way,,yes,,38.3715580,-0.4871861
843644033,way,Carrer de la Serra d'Aitana / Calle Sierra de Aitana,yes,,38.3721561,-0.4872184
843644035,way,Carrer de la Serra Cabeçó d'Or / Calle Sierra Cabezo d'Or,yes,,38.3719094,-0.4871620
843644036,way,,limited,,38.3719989,-0.4875787
843644038,way,,no,,38.3720350,-0.4875795
843644040,way,,no,,38.3720939,-0.4874728
843644041,way,,yes,,38.3721354,-0.4873430
843644044,way,,yes,,38.3721122,-0.4876007
843644045,way,,yes,,38.3718538,-0.4875479
843657254,way,,no,,38.3750327,-0.4952044
843657255,way,,no,,38.3749999,-0.4951640
843657257,way,,no,,38.3749218,-0.4951596
843657258,way,,no,,38.3749767,-0.4952196
843657259,way,,no,,38.3750083,-0.4952237
843657261,way,,yes,,38.3753145,-0.4952788
843657263,way,,yes,,38.3753571,-0.4952950
843657266,way,,no,,38.3750222,-0.4952525
843657268,way,,yes,,38.3750718,-0.4952265
843657269,way,,yes,,38.3750804,-0.4951549
844047187,way,,yes,,38.3747082,-0.4920927
844057421,way,,yes,,38.3748799,-0.4925531
844057424,way,,yes,,38.3749301,-0.4925689
844057426,way,,yes,,38.3750134,-0.4925696
844059602,way,Carrer de l'Economista Germán Bernácer / Calle Economista Germán Bernácer,yes,,38.3747934,-0.4933446
844059605,way,Carrer de l'Economista Germán Bernácer / Calle Economista Germán Bernácer,yes,,38.3747208,-0.4933406
844063448,way,Carrer d'Ortega y Gasset / Calle Ortega y Gasset,yes,,38.3746845,-0.4934074
844063449,way,Carrer d'Ortega y Gasset / Calle Ortega y Gasset,yes,,38.3746897,-0.4933461
844071242,way,,no,,38.3750294,-0.4952474
844071244,way,Carrer del Clot / Calle Clot,yes,,38.3750738,-0.4952395
844071245,way,Carrer del Clot / Calle Clot,yes,,38.3750788,-0.4951902
844071246,way,Carrer del Clot / Calle Clot,yes,,38.3750833,-0.4951423
844360111,way,,yes,,38.3749674,-0.4953860
844365534,way,,yes,,38.3753150,-0.4958840
844365537,way,,yes,,38.3750188,-0.4957352
844376407,way,,yes,,38.3753871,-0.4960305
844376410,way,,yes,,38.3753233,-0.4958383
844376416,way,,yes,,38.3761316,-0.4940364
844549917,way,Carrer del Clot / Calle Clot,yes,,38.3759368,-0.4954930
844568734,way,,yes,,38.3755439,-0.4959064
844568736,way,,yes,,38.3755326,-0.4959537
844568737,way,,yes,,38.3755446,-0.4955205
844568739,way,,yes,,38.3755086,-0.4955093
844579527,way,,yes,,38.3758796,-0.4960181
844581928,way,Carrer del Clot / Calle Clot,yes,,38.3753722,-0.4952291
844581929,way,,yes,,38.3753351,-0.4952219
844581930,way,,yes,,38.3753640,-0.4952409
844581931,way,Carrer del Clot / Calle Clot,yes,,38.3753641,-0.4952690
844587369,way,Carrer de Santa María Josefa / Calle Santa María Josefa,yes,,38.3754995,-0.4955068
844596118,way,,yes,,38.3759433,-0.4954851
844596119,way,,yes,,38.3759493,-0.4954338
844596123,way,,yes,,38.3759050,-0.4963439
844646501,way,,yes,,38.3757971,-0.4973595
844646503,way,,yes,,38.3756865,-0.4983878
844646505,way,Carrer de Santa María Josefa / Calle Santa María Josefa,yes,,38.3755265,-0.4955154
844647278,way,Carrer del Clot / Calle Clot,yes,,38.3759483,-0.4954160
844650739,way,,yes,,38.3758748,-0.4960644
844650740,way,Carrer del Clot / Calle Clot,yes,,38.3758705,-0.4960394
844650741,way,Carrer del Clot / Calle Clot,yes,,38.3758743,-0.4960087
844740238,way,Carrer del Clot / Calle Clot,yes,,38.3755363,-0.4959735
844740239,way,Carrer del Clot / Calle Clot,yes,,38.3755440,-0.4959322
844740240,way,Carrer del Clot / Calle Clot,yes,,38.3755503,-0.4958970
844776076,way,,yes,,38.3754213,-0.4960396
844776077,way,,yes,,38.3752097,-0.4969948
844776080,way,,yes,,38.3752606,-0.4971959
844776082,way,,yes,,38.3756764,-0.4973091
844776084,way,,yes,,38.3752731,-0.4971443
844776086,way,,yes,,38.3751736,-0.4969839
844824389,way,,yes,,38.3751370,-0.4972768
844824399,way,,yes,,38.3748240,-0.4985519
844824401,way,,yes,,38.3751091,-0.4972684
845179897,way,Carrer de Santa María Josefa / Calle Santa María Josefa,yes,,38.3754033,-0.4960376
845179898,way,Carrer de Santa María Josefa / Calle Santa María Josefa,yes,,38.3753857,-0.4960311
845181308,way,Carrer del Clot / Calle Clot,yes,,38.3753211,-0.4958617
845181309,way,Carrer del Clot / Calle Clot,yes,,38.3753268,-0.4958277
845186529,way,,yes,,38.3750085,-0.4957850
845186531,way,Carrer del Clot / Calle Clot,yes,,38.3750150,-0.4957605
845186532,way,Carrer del Clot / Calle Clot,yes,,38.3750206,-0.4957244
845186533,way,,yes,,38.3748923,-0.4958758
845506390,way,Carrer de Santa María Josefa / Calle Santa María Josefa,yes,,38.3751228,-0.4972736
845506391,way,Carrer de Santa María Josefa / Calle Santa María Josefa,yes,,38.3751072,-0.4972673
845836686,way,,yes,,38.3758155,-0.4888656
845844261,way,,no,,38.3759823,-0.4894112
845844262,way,Plaça de la Cruz / Plaza de la Cruz,limited,,38.3759838,-0.4893711
845844263,way,Plaça de la Cruz / Plaza de la Cruz,limited,,38.3760068,-0.4893713
846227328,way,,yes,,38.3746769,-0.4968492
846227330,way,,yes,,38.3750675,-0.4970733
846540249,way,Carrer del Clot / Calle Clot,yes,,38.3759421,-0.4954580
846571755,way,Avinguda de la Baronia de Polop / Avenida Baronía de Polop,yes,,38.3758890,-0.4985070
846571756,way,Avinguda de la Baronia de Polop / Avenida Baronía de Polop,yes,,38.3756498,-0.4983969
846702736,way,,yes,,38.3696389,-0.4983094
846723027,way,,yes,,38.3750564,-0.4971239
846761515,way,Avinguda del Pintor Gastón Castelló / Avenida del Pintor Gastón Castelló,yes,,38.3741929,-0.4871271
846761516,way,Avinguda del Pintor Gastón Castelló / Avenida del Pintor Gastón Castelló,yes,,38.3741984,-0.4870642
846912540,way,,yes,,38.3734571,-0.4877486
846912541,way,Carrer de la Serra Maigmó / Calle Sierra Maigmó,yes,,38.3734500,-0.4876347
846912543,way,Carrer de la Serra Maigmó / Calle Sierra Maigmó,yes,,38.3734543,-0.4876004
846912544,way,Carrer de la Serra Maigmó / Calle Sierra Maigmó,yes,,38.3734585,-0.4875677
846912545,way,,yes,,38.3734597,-0.4875705
846967262,way,,yes,,38.3733297,-0.4875293
848179846,way,,yes,,38.3715165,-0.4838329
848200743,way,Avinguda de la Baronia de Polop / Avenida Baronía de Polop,yes,,38.3757667,-0.4973628
848200745,way,,yes,,38.3758662,-0.4973728
848200746,way,Avinguda de la Baronia de Polop / Avenida Baronía de Polop,yes,,38.3758311,-0.4973746
848200747,way,Avinguda de la Baronia de Polop / Avenida Baronía de Polop,yes,,38.3758694,-0.4973811
849040930,way,Avinguda de la Baronia de Polop / Avenida Baronía de Polop,yes,,38.3758818,-0.4963435
849040931,way,Avinguda de la Baronia de Polop / Avenida Baronía de Polop,yes,,38.3759427,-0.4963538
849040933,way,,yes,,38.3758981,-0.4973221
849453549,way,,yes,,38.3746171,-0.4867084
849453551,way,,yes,,38.3746103,-0.4862086
849453553,way,,yes,,38.3747260,-0.4862255
849454888,way,,yes,,38.3747084,-0.4867103
849457852,way,,yes,,38.3741791,-0.4866709
849457854,way,,yes,,38.3742060,-0.4861927
849457856,way,,yes,,38.3740833,-0.4861839
849459004,way,,yes,,38.3740691,-0.4866699
849462418,way,,yes,,38.3739269,-0.4866850
849462420,way,,yes,,38.3740042,-0.4866617
849462422,way,,yes,,38.3740303,-0.4861839
849472787,way,,yes,,38.3739450,-0.4861351
849900764,way,,yes,,38.3745551,-0.4862083
849900765,way,,yes,,38.3744351,-0.4862033
849900767,way,,yes,,38.3745301,-0.4867007
849900769,way,,yes,,38.3744178,-0.4866883
849910952,way,Carrer del Quars / Calle Cuarzo,yes,,38.3768360,-0.4871298
849910953,way,,yes,,38.3769700,-0.4871555
849910955,way,Carrer del Quars / Calle Cuarzo,yes,,38.3769945,-0.4871534
849910957,way,,yes,,38.3768431,-0.4871228
849910958,way,Carrer del Quars / Calle Cuarzo,yes,,38.3769070,-0.4871404
850228952,way,,yes,,38.3743805,-0.4862077
850228954,way,,yes,,38.3742594,-0.4861935
850230601,way,,yes,,38.3742651,-0.4866837
850230603,way,,yes,,38.3742632,-0.4867803
850230604,way,,yes,,38.3743527,-0.4866879
850230607,way,,yes,,38.3739250,-0.4867563
850243416,way,Carrer de la Maragda / Calle Esmeralda,yes,,38.3749313,-0.4867262
850243418,way,Carrer de la Maragda / Calle Esmeralda,yes,,38.3748892,-0.4867228
850251439,way,,yes,,38.3748827,-0.4868244
850251440,way,Carrer del Travertí / Calle Travertino,yes,,38.3748806,-0.4868265
850251441,way,Carrer del Travertí / Calle Travertino,yes,,38.3748820,-0.4867496
850251442,way,Carrer del Travertí / Calle Travertino,yes,,38.3748813,-0.4867904
850259313,way,,yes,,38.3748844,-0.4860531
850259315,way,Carrer del Quars / Calle Cuarzo,yes,,38.3748761,-0.4862113
850259316,way,Carrer del Quars / Calle Cuarzo,yes,,38.3748785,-0.4861328
850259317,way,Carrer del Quars / Calle Cuarzo,yes,,38.3748810,-0.4860494
850274674,way,,no,,38.3771705,-0.4860366
850614514,way,Carrer de la Maragda / Calle Esmeralda,no,,38.3749889,-0.4868630
851251821,way,Carrer del Safir / Calle Zafiro,yes,,38.3747053,-0.4867128
851251822,way,Carrer del Safir / Calle Zafiro,yes,,38.3747750,-0.4867180
851251823,way,Carrer del Safir / Calle Zafiro,yes,,38.3747391,-0.4867153
851259292,way,Carrer del Safir / Calle Zafiro,yes,,38.3747305,-0.4862285
851259293,way,Carrer del Safir / Calle Zafiro,yes,,38.3747915,-0.4862329
851259294,way,Carrer del Safir / Calle Zafiro,yes,,38.3747613,-0.4862307
851272402,way,Carrer del Quars / Calle Cuarzo,yes,,38.3757088,-0.4862670
851272403,way,Carrer del Quars / Calle Cuarzo,yes,,38.3757099,-0.4862015
851272405,way,Carrer del Quars / Calle Cuarzo,yes,,38.3757120,-0.4861140
851272406,way,,yes,,38.3757130,-0.4861432
851287755,way,,yes,,38.3709426,-0.4768689
852018852,way,,yes,,38.3748818,-0.4867512
852033177,way,Carrer de la Perla / Calle Perla,yes,,38.3745549,-0.4862049
852033178,way,Carrer de la Perla / Calle Perla,limited,,38.3746066,-0.4864594
852033182,way,Carrer de la Perla / Calle Perla,yes,,38.3745867,-0.4862070
852033183,way,Carrer de la Perla / Calle Perla,yes,,38.3746117,-0.4862085
852035865,way,,yes,,38.3745604,-0.4859954
852035866,way,,yes,,38.3744497,-0.4859992
852035868,way,,yes,,38.3746184,-0.4859996
852035870,way,,yes,,38.3747369,-0.4860141
852035872,way,,yes,,38.3747507,-0.4855270
852039350,way,,yes,,38.3747949,-0.4860218
852039352,way,,yes,,38.3748182,-0.4855272
852039354,way,,yes,,38.3746452,-0.4855165
852047707,way,Carrer del Platí / Calle Platino,yes,,38.3740018,-0.4866687
852047708,way,Carrer del Platí / Calle Platino,yes,,38.3740365,-0.4866718
852047709,way,Carrer del Platí / Calle Platino,yes,,38.3740718,-0.4866749
852060402,way,,yes,,38.3742478,-0.4856554
852060408,way,,yes,,38.3738588,-0.4861848
852063685,way,Carrer de la Perla / Calle Perla,yes,,38.3745274,-0.4866993
852063686,way,Carrer de la Perla / Calle Perla,yes,,38.3745634,-0.4867022
852063687,way,Carrer de la Perla / Calle Perla,yes,,38.3745986,-0.4867050
852072103,way,,yes,,38.3749007,-0.4849813
852075471,way,,yes,,38.3749115,-0.4860120
852137467,way,Carrer de la Maragda / Calle Esmeralda,yes,,38.3749082,-0.4860138
852137469,way,,yes,,38.3749773,-0.4860151
852137470,way,Carrer de la Maragda / Calle Esmeralda,yes,,38.3749905,-0.4860173
852137471,way,Carrer de la Maragda / Calle Esmeralda,yes,,38.3749445,-0.4860155
852138355,way,,yes,,38.3750203,-0.4853729
853018067,way,Carrer del Travertí / Calle Travertino,yes,,38.3746165,-0.4868073
853018070,way,Carrer del Travertí / Calle Travertino,yes,,38.3746175,-0.4867690
853018071,way,Carrer del Travertí / Calle Travertino,yes,,38.3746185,-0.4867297
853020638,way,Carrer del Diamant / Calle Diamante,yes,,38.3743523,-0.4866873
853020639,way,Carrer del Diamant / Calle Diamante,yes,,38.3743870,-0.4866902
853020640,way,Carrer del Diamant / Calle Diamante,yes,,38.3744208,-0.4866932
853021440,way,,yes,,38.3747916,-0.4831233
854043851,way,,yes,,38.3759617,-0.4973395
854043853,way,,yes,,38.3760647,-0.4963659
854043854,way,Avinguda de la Baronia de Polop / Avenida Baronía de Polop,yes,,38.3760777,-0.4963774
854049197,way,,yes,,38.3760063,-0.4963597
854052913,way,,yes,,38.3761996,-0.4961510
854052915,way,,yes,,38.3762192,-0.4960698
854052918,way,,yes,,38.3762960,-0.4942095
854052919,way,,yes,,38.3763663,-0.4938361
854063856,way,,no,,38.3770307,-0.4958689
854338046,way,,yes,,38.3760192,-0.4979957
854338047,way,,yes,,38.3760326,-0.4979210
854340135,way,,yes,,38.3768801,-0.4963808
854340137,way,,yes,,38.3769653,-0.4965696
854341414,way,,yes,,38.3766720,-0.4979649
854344280,way,,yes,,38.3770191,-0.4965852
854344282,way,,yes,,38.3771659,-0.4964757
854350336,way,,yes,,38.3771831,-0.4964055
854350339,way,,yes,,38.3771058,-0.4962051
854478941,way,,yes,,38.3747556,-0.4816671
854478942,way,Passatge Poeta Bartrina / Pasaje Poeta Bartrina,yes,,38.3742734,-0.4827015
854515751,way,Carrer del Diamant / Calle Diamante,yes,,38.3743790,-0.4862081
854515752,way,Carrer del Diamant / Calle Diamante,yes,,38.3744339,-0.4862129
854515753,way,Carrer del Diamant / Calle Diamante,yes,,38.3744062,-0.4862106
854545024,way,,yes,,38.3739814,-0.4787823
854545025,way,,yes,,38.3740126,-0.4786805
854563588,way,,yes,,38.3747410,-0.4808812
854563589,way,,yes,,38.3757624,-0.4811422
854572579,way,,yes,,38.3747649,-0.4807696
854572581,way,,yes,,38.3759664,-0.4811317
854572582,way,,yes,,38.3760872,-0.4811084
854640598,way,Carrer de la Plata / Calle Plata,yes,,38.3741754,-0.4866775
854640599,way,Carrer de la Plata / Calle Plata,yes,,38.3742480,-0.4866825
854640600,way,Carrer de la Plata / Calle Plata,yes,,38.3742117,-0.4866800
854649161,way,Carrer del Periodista Francisco Bas Mingot / Calle Periodista Francisco Bas Mingot,yes,,38.3747235,-0.4797889
854649165,way,,yes,,38.3760230,-0.4792768
854649166,way,,yes,,38.3765878,-0.4795368
854649167,way,,yes,,38.3760681,-0.4796303
854649168,way,,yes,,38.3764927,-0.4794384
854650840,way,,yes,,38.3754823,-0.4792676
854687068,way,Carrer Salvador Allende / Calle Salvador Allende,yes,,38.3766195,-0.4788499
854687070,way,,no,,38.3759978,-0.4788775
854687074,way,,yes,,38.3746905,-0.4793834
854687076,way,,no,,38.3746997,-0.4789665
854687078,way,,yes,,38.3747424,-0.4788904
854687079,way,,yes,,38.3747390,-0.4788292
854881319,way,,yes,,38.3763821,-0.4850015
854881321,way,Carrer del Periodista Francisco Bas Mingot / Calle Periodista Francisco Bas Mingot,yes,,38.3746456,-0.4812760
854881322,way,Carrer del Periodista Francisco Bas Mingot / Calle Periodista Francisco Bas Mingot,yes,,38.3745394,-0.4793283
854886683,way,Carrer de Vicente Alexandre / Calle Vicente Alexandre,yes,,38.3696489,-0.4923918
855639449,way,,yes,,38.3713786,-0.4869428
856081979,way,Carrer de la Plata / Calle Plata,yes,,38.3742036,-0.4861889
856081980,way,Carrer de la Plata / Calle Plata,yes,,38.3742336,-0.4861916
856081981,way,Carrer de la Plata / Calle Plata,yes,,38.3742629,-0.4861940
856085048,way,Carrer del Platí / Calle Platino,yes,,38.3740291,-0.4861841
856085049,way,Carrer del Platí / Calle Platino,yes,,38.3740566,-0.4861868
856085050,way,Carrer del Platí / Calle Platino,yes,,38.3740838,-0.4861890
856094309,way,Carrer del Quars / Calle Cuarzo,yes,,38.3739400,-0.4861460
856094310,way,,yes,,38.3740233,-0.4859939
856094311,way,Carrer del Quars / Calle Cuarzo,yes,,38.3739826,-0.4860706
856094312,way,Carrer del Quars / Calle Cuarzo,yes,,38.3740223,-0.4860001
856114836,way,,yes,,38.3743882,-0.4859906
856114837,way,,yes,,38.3742769,-0.4859886
856114845,way,,yes,,38.3742871,-0.4856533
856114847,way,,yes,,38.3743307,-0.4854686
856114848,way,,yes,,38.3744028,-0.4855017
856535724,way,,yes,,38.3703791,-0.4774464
856535726,way,,yes,,38.3702687,-0.4767960
856541935,way,,yes,,38.3711620,-0.4792848
856929654,way,,no,,38.3747985,-0.4863059
856929655,way,,limited,,38.3747844,-0.4866453
856965267,way,,yes,,38.3755474,-0.4835441
857336899,way,,yes,,38.3710636,-0.4928169
857336901,way,,yes,,38.3707488,-0.4927706
857344931,way,,yes,,38.3732555,-0.4874996
857344933,way,Carrer del Canonge Giner / Calle Canónigo Giner,yes,,38.3732927,-0.4872887
857362086,way,,yes,,38.3749971,-0.4859081
857846836,way,,yes,,38.3713271,-0.4787913
857892627,way,,yes,,38.3756875,-0.4790768
857925189,way,,no,,38.3742151,-0.4791574
858218461,way,,yes,,38.3747575,-0.4806663
858218464,way,,yes,,38.3758110,-0.4810977
859052585,way,,yes,,38.3732693,-0.4781132
859052586,way,,yes,,38.3732523,-0.4782716
859060696,way,,yes,,38.3734400,-0.4781721
859426740,way,,yes,,38.3733755,-0.4781138
859443738,way,,yes,,38.3726624,-0.4783174
859443740,way,,yes,,38.3732368,-0.4780891
859443741,way,,yes,,38.3733125,-0.4782237
859443742,way,,limited,,38.3734558,-0.4778992
859454885,way,,yes,,38.3720169,-0.4779912
859885781,way,,yes,,38.3715347,-0.4771028
860094580,way,,yes,,38.3703228,-0.4771245
860485024,way,,yes,,38.3689073,-0.4834304
860485026,way,,yes,,38.3688147,-0.4832981
860485037,way,Avinguda dels Exercits Espanyols / Avenida de los Ejércitos Españoles,limited,,38.3696196,-0.4826573
860485038,way,,no,,38.3696389,-0.4824622
860485040,way,,yes,,38.3696406,-0.4826324
860485046,way,Carrer de Benejússer / Calle Benejúzar,yes,,38.3693093,-0.4824523
860485047,way,,yes,,38.3689086,-0.4824339
860485048,way,,yes,,38.3688885,-0.4829258
860485049,way,,yes,,38.3690416,-0.4834071
860826630,way,,no,,38.3689068,-0.4834981
860829346,way,,yes,,38.3691199,-0.4835175
860829347,way,,yes,,38.3692973,-0.4836149
860829349,way,,yes,,38.3688076,-0.4835970
862178178,way,Carrer del Diputat Juan Antonio Rodríguez Marín / Calle Diputado Juan Antonio Rodríguez Marín,yes,,38.3692435,-0.4842154
862178180,way,,yes,,38.3691258,-0.4834485
862178182,way,,yes,,38.3691167,-0.4835403
862178183,way,,yes,,38.3691191,-0.4834827
862178184,way,,yes,,38.3691213,-0.4834310
862182579,way,,yes,,38.3689052,-0.4835221
862182580,way,,yes,,38.3689068,-0.4834642
862182581,way,,yes,,38.3689083,-0.4834131
862182583,way,,no,,38.3688468,-0.4834053
862184605,way,Carrer del Diputat Antonio García Miralles / Calle Diputado Antonio García Miralles,yes,,38.3688688,-0.4841132
862195130,way,,limited,,38.3696941,-0.4826832
862213010,way,,yes,,38.3690939,-0.4824107
862213011,way,,yes,,38.3690974,-0.4822952
862213014,way,,yes,,38.3691485,-0.4818520
862213015,way,,yes,,38.3691130,-0.4818482
862213016,way,,yes,,38.3690036,-0.4819288
862841860,way,Carrer de la Gemma / Calle Gema,limited,,38.3738587,-0.4861802
862841862,way,,yes,,38.3737403,-0.4863490
862841864,way,,limited,,38.3738982,-0.4861819
862841866,way,Carrer de la Gemma / Calle Gema,limited,,38.3738819,-0.4861817
862841867,way,Carrer de la Gemma / Calle Gema,limited,,38.3739096,-0.4861834
863581581,way,Carrer del Cronista Figueras Pacheco / Calle Cronista Figueras Pacheco,yes,,38.3725156,-0.4853529
863581586,way,Carrer del Cronista Figueras Pacheco / Calle Cronista Figueras Pacheco,yes,,38.3725756,-0.4858532
863581587,way,,yes,,38.3724865,-0.4859349
865948220,way,Carrer del Geògraf Rey Pastor / Calle Geógrafo Rey Pastor,yes,,38.3723309,-0.4854441
868866398,way,Carrer de Vicente Alexandre / Calle Vicente Alexandre,yes,,38.3657837,-0.4905634
868866399,way,Carrer Agustín Jiménez Navarlaz / Calle Agustín Jiménez Navarlaz,yes,,38.3660088,-0.4895822
868866400,way,Carrer de Sant Pere Poveda / Calle San Pedro Poveda,yes,,38.3664069,-0.4899560
868866401,way,,yes,,38.3660924,-0.4907488
870572056,way,,no,,38.3658228,-0.4896106
870934897,way,Carrer d'Alcalá Galiano / Calle Alcalá Galiano,yes,,38.3573095,-0.4842858
874769680,way,,yes,,38.3651102,-0.4953081
874769681,way,,yes,,38.3656295,-0.4957854
874769683,way,,yes,,38.3656610,-0.4957603
886022833,way,,yes,,38.3746961,-0.4831364
886022834,way,,yes,,38.3747441,-0.4831350
886022836,way,,yes,,38.3742403,-0.4790393
886022837,way,,yes,,38.3747986,-0.4831352
891325879,way,,yes,,38.3757854,-0.4811179
891325881,way,,yes,,38.3758106,-0.4810914
891325882,way,,yes,,38.3757588,-0.4811457
891325887,way,,yes,,38.3750817,-0.4808920
891325888,way,,yes,,38.3770004,-0.4832819
891325893,way,,designated,,38.3751644,-0.4808583
891346426,way,,yes,,38.3747595,-0.4809345
891707688,way,,yes,,38.3703855,-0.4774992
893789936,way,,yes,,38.3773957,-0.4833129
893795389,way,,yes,,38.3768957,-0.4962881
893795391,way,,yes,,38.3770377,-0.4961798
893804700,way,Carrer del Clot / Calle Clot,yes,,38.3768726,-0.4963962
893804701,way,Carrer del Clot / Calle Clot,yes,,38.3768957,-0.4962684
893811780,way,Carrer del Clot / Calle Clot,yes,,38.3771842,-0.4963780
893811781,way,Carrer del Clot / Calle Clot,yes,,38.3771641,-0.4964935
893811782,way,,yes,,38.3770676,-0.4958677
894034933,way,Carrer del Clot / Calle Clot,yes,,38.3761986,-0.4961728
894034934,way,,yes,,38.3762154,-0.4960623
894040482,way,Carrer del Clot / Calle Clot,yes,,38.3770341,-0.4961800
894040483,way,Carrer del Clot / Calle Clot,yes,,38.3771142,-0.4962057
894393770,way,Carrer de la Turquesa / Calle Turquesa,yes,,38.3772560,-0.4843664
894393771,way,Carrer del Baríton Paco Latorre / Calle Barítono Paco Latorre,no,,38.3773192,-0.4836369
894393772,way,,yes,,38.3773197,-0.4836246
894393775,way,,yes,,38.3772792,-0.4833877
894393777,way,Carrer de la Turquesa / Calle Turquesa,no,,38.3767603,-0.4850687
894393779,way,,yes,,38.3774844,-0.4837425
894393781,way,,yes,,38.3770921,-0.4832406
894393782,way,,yes,,38.3773448,-0.4833062
896770255,way,,yes,,38.3749704,-0.4867193
897719238,way,,yes,,38.3747592,-0.4853808
897719239,way,,yes,,38.3747925,-0.4853901
897719240,way,,yes,,38.3748282,-0.4853920
897719241,way,,yes,,38.3747566,-0.4853880
899028651,way,,yes,,38.3723817,-0.4859359
899028653,way,Calle Geógrafo Rey Pastor / Carrer del Geògraf Rey Pastor,yes,,38.3723540,-0.4859461
899228066,way,,yes,,38.3744189,-0.4834580
899228067,way,,yes,,38.3745047,-0.4831482
899228069,way,Carrer del Periodista Francisco Bas Mingot / Calle Periodista Francisco Bas Mingot,no,,38.3746895,-0.4832079
906374691,way,,yes,,38.3715546,-0.4861256
906374695,way,,yes,,38.3715067,-0.4864528
911374741,way,Carrer Benifato / Calle Benifato,limited,,38.3727834,-0.4828770
911383387,way,Avinguda Ronda de Melilla / Avenida Ronda de Melilla,yes,,38.3736418,-0.4829173
912174459,way,Carrer del Periodista Francisco Bas Mingot / Calle Periodista Francisco Bas Mingot,yes,,38.3746830,-0.4831070
912174460,way,Carrer Periodista Francisco Bas Mingot / Calle Periodista Francisco Bas Mingot,yes,,38.3746799,-0.4829418
920155829,way,Avinguda Ronda de Melilla / Avenida Ronda de Melilla,no,,38.3739446,-0.4833525
920165206,way,Carrer del Periodista Francisco Bas Mingot / Calle Periodista Francisco Bas Mingot,limited,,38.3744243,-0.4838955
921854677,way,,yes,,38.3516554,-0.4930441
922901633,way,,yes,,38.3721762,-0.4888247
922901635,way,,yes,,38.3722464,-0.4885201
922901638,way,,yes,,38.3717004,-0.4884127
922901640,way,,yes,,38.3716378,-0.4887153
922901641,way,Carrer Sierra Montgó / Calle Sierra Montgó,yes,,38.3716531,-0.4885560
923961438,way,,yes,,38.3728656,-0.4867902
923961440,way,,yes,,38.3730941,-0.4860965
925354021,way,,yes,,38.3725142,-0.4848077
925354022,way,,yes,,38.3724421,-0.4847927
925354024,way,,yes,,38.3724113,-0.4835863
926199791,way,,yes,,38.3710971,-0.4832171
929369214,way,Carrer d'Alonso Cano / Calle Alonso Cano,yes,,38.3723611,-0.4825753
929369216,way,Carrer d'Alonso Cano / Calle Alonso Cano,no,,38.3724422,-0.4828923
929369217,way,Carrer d'Alonso Cano / Calle Alonso Cano,yes,,38.3724628,-0.4827748
929369219,way,Carrer d'Alonso Cano / Calle Alonso Cano,yes,,38.3724634,-0.4830533
929369220,way,Carrer d'Alonso Cano / Calle Alonso Cano,yes,,38.3723675,-0.4825035
929369221,way,Carrer d'Alonso Cano / Calle Alonso Cano,limited,,38.3725206,-0.4829216
929369222,way,Carrer Benifato / Calle Benifato,limited,,38.3734089,-0.4825953
929369224,way,Carrer Benifato / Calle Benifato,limited,,38.3732775,-0.4826545
929369225,way,Carrer Benifato / Calle Benifato,limited,,38.3731246,-0.4827233
929369230,way,Carrer Benifato / Calle Benifato,no,,38.3734839,-0.4825610
942719192,way,,yes,,38.3691282,-0.4981049
942719194,way,Carrer de la Verge de Monserrate / Calle Virgen de Monserrate,yes,,38.3692470,-0.4975930
948808278,way,,yes,,38.3655761,-0.5007748
948808280,way,,yes,,38.3663755,-0.5014143
948808282,way,,yes,,38.3661965,-0.5017015
948808284,way,,yes,,38.3654334,-0.5010313
955499109,way,,yes,,38.3440208,-0.4805079
960851224,way,,yes,,38.3677274,-0.4929614
961128110,way,,yes,,38.3660673,-0.4941802
961128111,way,,yes,,38.3663205,-0.4936451
961128113,way,,yes,,38.3663471,-0.4934127
961128117,way,,yes,,38.3656312,-0.4934652
961128120,way,,yes,,38.3654962,-0.4937566
961128122,way,,yes,,38.3652859,-0.4942114
961128125,way,,yes,,38.3652984,-0.4942710
961128127,way,,yes,,38.3658441,-0.4946316
961674412,way,,designated,,38.3613616,-0.4922595
963039492,way,,yes,,38.3666932,-0.4993466
966823490,way,,no,,38.3689910,-0.4601567
966823495,way,,yes,,38.3690595,-0.4601841
975290275,way,Carrer del Farmacèutic Agatángelo Soler / Calle Farmacéutico Agatángelo Soler,yes,,38.3749873,-0.4889756
985219952,way,,yes,,38.3733214,-0.5058029
989171497,way,Plaça de les Escoles / Plaza de las Escuelas,yes,,38.3758024,-0.4925542
989734823,way,,yes,,38.3668888,-0.4986582
998222788,way,,yes,,38.3664247,-0.4986264
998222789,way,,yes,,38.3664541,-0.4985016
998222790,way,,yes,,38.3664330,-0.4985732
998222793,way,,yes,,38.3667185,-0.4993119
998222794,way,,yes,,38.3667317,-0.4992674
998222795,way,,yes,,38.3666917,-0.4993686
998222796,way,,yes,,38.3667462,-0.4992529
1014467449,way,,yes,,38.3773181,-0.5051660
1014467450,way,,yes,,38.3773088,-0.5052170
1014467451,way,,yes,,38.3773275,-0.5051181
1018276753,way,,yes,,38.3761499,-0.5078399
1018276756,way,,yes,,38.3761051,-0.5079399
1018276758,way,,yes,,38.3761919,-0.5077459
1019686192,way,Carrer de Mariano Benlliure / Calle Mariano Benlliure,no,,38.3779592,-0.5018755
1019686194,way,Avinguda de Novelda / Avenida de Novelda,no,,38.3783154,-0.5007161
1020398389,way,,yes,,38.3766794,-0.5016267
1024667988,way,,yes,,38.3734830,-0.5014647
1024919739,way,,yes,,38.3733206,-0.5058183
1025678113,way,Tourist Info,yes,,38.3438616,-0.4799467
1026515975,way,,yes,,38.3728793,-0.5024078
1027120895,way,,yes,,38.3769688,-0.5017217
1058161535,way,Carrer de Granada / Calle Granada,yes,,38.3733521,-0.4883593
1058161536,way,Carrer de Granada / Calle Granada,yes,,38.3733461,-0.4884025
1058161537,way,Carrer de Granada / Calle Granada,yes,,38.3733572,-0.4883228
1058205803,way,Carrer del Poeta Pedro Salinas / Calle Poeta Pedro Salinas,yes,,38.3681164,-0.4901894
1072239843,way,El Refugio,no,,38.3408195,-0.4907056
1089936446,way,,yes,,38.3729518,-0.5010606
1089936448,way,,yes,,38.3729648,-0.5009802
1093380898,way,,yes,,38.3726709,-0.5039680
1093380901,way,,yes,,38.3726663,-0.5040213
1093380904,way,,yes,,38.3726761,-0.5039075
1093389248,way,,yes,,38.3682735,-0.4971874
1094752693,way,,yes,,38.3697553,-0.4977502
1094752694,way,Carrer de la Verge dels Lliris / Calle Virgen de los Lirios,yes,,38.3693897,-0.4981901
1107971340,way,,yes,,38.3410712,-0.4899681
1107971341,way,,yes,,38.3416032,-0.4903535
1114710267,way,Plenergy,yes,,38.3714114,-0.4577111
1124689402,way,Carrer de Villa de Chiva / Calle Villa de Chiva,yes,,38.3719809,-0.4875906
1124911818,way,,yes,,38.3716583,-0.4891658
1127608050,way,,yes,,38.3380461,-0.4914506
1129178312,way,Avinguda de Novelda / Avenida de Novelda,yes,,38.3696064,-0.4971488
1131089431,way,,yes,,38.3748593,-0.4985641
1131089433,way,,yes,,38.3754204,-0.4988708
1134118170,way,,yes,,38.3738533,-0.4879765
1134118172,way,,yes,,38.3737820,-0.4879596
1134118173,way,,yes,,38.3734329,-0.4886854
1134118175,way,,yes,,38.3734169,-0.4880678
1134123672,way,,yes,,38.3725873,-0.4874325
1134123676,way,,yes,,38.3724512,-0.4876708
1134123678,way,,yes,,38.3724706,-0.4881375
1135559718,way,,yes,,38.3636413,-0.4846078
1137955659,way,,yes,,38.3648632,-0.4842403
1137955661,way,,no,,38.3649221,-0.4838656
1139595839,way,,yes,,38.3679768,-0.4954400
1139595840,way,,yes,,38.3679152,-0.4954211
1140216661,way,Carrer de l'Escriptor Dámaso Alonso / Calle Escritor Dámaso Alonso,yes,,38.3694077,-0.4866717
1140709656,way,,yes,,38.3676737,-0.4929737
1140709657,way,,yes,,38.3670187,-0.4928762
1147713764,way,Carrefour Express,yes,,38.3379451,-0.5004324
1147713765,way,,yes,,38.3379621,-0.5006472
1147719005,way,Farmacia,yes,,38.3608310,-0.4500242
1160570537,way,,yes,,38.3416222,-0.4786890
1160698291,way,,yes,,38.3468263,-0.4762017
1160698292,way,,yes,,38.3467799,-0.4768808
1160698294,way,,yes,,38.3466550,-0.4768364
1173738258,way,,yes,,38.3670094,-0.4917887
1196878386,way,,yes,,38.3708836,-0.4889961
1197630470,way,,yes,,38.3688087,-0.4860954
1198783740,way,,yes,,38.3711014,-0.4879239
1201500990,way,,yes,,38.3734361,-0.4878779
1218115436,way,,yes,,38.3750147,-0.4789151
1221393787,way,Carrer de Xàtiva / Calle Játiva,no,,38.3791764,-0.5018791
1222408474,way,,yes,,38.3725446,-0.4876945
1222408480,way,,no,,38.3727355,-0.4874198
1222408482,way,,yes,,38.3726194,-0.4869255
1225747566,way,Avinguda del Pintor Gastón Castelló / Avenida del Pintor Gastón Castelló,yes,,38.3772308,-0.4877972
1225747567,way,Avinguda del Pintor Gastón Castelló / Avenida del Pintor Gastón Castelló,yes,,38.3772508,-0.4877284
1225747568,way,Avinguda del Pintor Gastón Castelló / Avenida del Pintor Gastón Castelló,yes,,38.3772146,-0.4878525
1226151710,way,Instituto Bernabeu,yes,,38.3653157,-0.4577547
1226151711,way,Instituto Bernabeu,yes,,38.3653812,-0.4571575
1232839338,way,,yes,,38.3716211,-0.4920484
1233390903,way,,yes,,38.3740064,-0.4913801
1233390904,way,,yes,,38.3739588,-0.4913808
1233390905,way,,yes,,38.3740566,-0.4913793
1233390906,way,,yes,,38.3739620,-0.4913640
1233390908,way,,yes,,38.3740506,-0.4913823
1233859556,way,,yes,,38.3731704,-0.4963690
1233859559,way,,yes,,38.3731497,-0.4965191
1234538432,way,,yes,,38.3721264,-0.4960214
1234538434,way,,yes,,38.3720849,-0.4960174
1234538435,way,,yes,,38.3721036,-0.4960133
1234538436,way,,yes,,38.3721513,-0.4960302
1234538438,way,,yes,,38.3721580,-0.4960370
1235255084,way,,yes,,38.3679327,-0.4956772
1235255085,way,,yes,,38.3678218,-0.4962273
1235255088,way,,yes,,38.3677697,-0.4962106
1235255090,way,,yes,,38.3678688,-0.4956596
1235255091,way,,yes,,38.3679012,-0.4956664
1235255092,way,,yes,,38.3678611,-0.4956530
1235255093,way,,yes,,38.3679489,-0.4956823
1235620094,way,,yes,,38.3658341,-0.4930646
1235620098,way,,yes,,38.3665304,-0.4915336
1235793259,way,Carrer de Sant Pere Poveda / Calle San Pedro Poveda,yes,,38.3666306,-0.4890435
1236405207,way,,yes,,38.3760374,-0.4991731
1236405208,way,,yes,,38.3760054,-0.4993450
1236405209,way,,yes,,38.3760046,-0.4992909
1236405210,way,,yes,,38.3760719,-0.4989843
1236405211,way,,yes,,38.3760553,-0.4990510
1236405212,way,,yes,,38.3760532,-0.4990868
1236405213,way,,yes,,38.3760217,-0.4992608
1236669735,way,Carrer de Bolulla / Calle Bolulla,no,,38.3770982,-0.5006900
1237050960,way,,yes,,38.3748059,-0.4988873
1237050963,way,,yes,,38.3747219,-0.4988579
1237050964,way,Carrer de Valdés Leal / Calle Valdés Leal,yes,,38.3747192,-0.4988546
1237050965,way,Carrer de Valdés Leal / Calle Valdés Leal,yes,,38.3748103,-0.4988866
1237350429,way,,limited,,38.3769011,-0.5014637
1237350430,way,,limited,,38.3768706,-0.5014489
1237350431,way,,limited,,38.3768252,-0.5014322
1237350432,way,,limited,,38.3769064,-0.5014618
1237350434,way,,limited,,38.3768349,-0.5014386
1240754922,way,Carrer del Diputat Joaquín Fuster / Calle Diputado Joaquín Fuster,yes,,38.3709035,-0.4834529
1240754923,way,Carrer del Diputat Joaquín Galant Ruiz / Calle Diputado Joaquín Galant Ruiz,yes,,38.3705255,-0.4835479
1240754924,way,Carrer de la Serra de Cavalls / Calle Sierra de Cavalls,yes,,38.3701793,-0.4833589
1241145538,way,Carrer del Diputat Luis Gamir Casares / Calle Diputado Luis Gamir Casares,yes,,38.3690347,-0.4846991
1241145539,way,,yes,,38.3690744,-0.4837478
1241724688,way,Carrer del Diputat Joaquín Galant Ruiz / Calle Diputado Joaquín Galant Ruiz,yes,,38.3690816,-0.4835619
1243187047,way,,yes,,38.3746441,-0.4808889
1277788458,way,,yes,,38.3424370,-0.4842498
1278804740,way,,yes,,38.3695742,-0.4824548
1287759147,way,Carrer de Camoens / Calle Camoens,no,,38.3536337,-0.4750290
1312868936,way,,yes,,38.3751195,-0.5012734
1312868938,way,,yes,,38.3752467,-0.5013231
1313076050,way,,yes,,38.3766976,-0.5015411
1313076054,way,,yes,,38.3769861,-0.5016376
1316843282,way,,yes,,38.3657600,-0.4930153
1316843283,way,,yes,,38.3657850,-0.4929225
1321561422,way,,yes,,38.3663642,-0.4936909
1321861179,way,,yes,,38.3662088,-0.4949655
1322134001,way,,yes,,38.3664502,-0.4950902
1322158649,way,,yes,,38.3663727,-0.4933641
1323399574,way,,yes,,38.3658034,-0.4946441
1323669858,way,,yes,,38.3659678,-0.4956340
1323669859,way,,yes,,38.3660314,-0.4956550
1352138541,way,,yes,,38.3680245,-0.4855434
1353572544,way,,yes,,38.3698715,-0.4972973
1353572545,way,,yes,,38.3699413,-0.4973182
1353572555,way,,yes,,38.3713975,-0.4975154
1353572557,way,,yes,,38.3713579,-0.4977039
1354007846,way,Avinguda de la Baronia de Polop / Avenida Baronía de Polop,yes,,38.3757310,-0.4984467
1354007847,way,Avinguda de la Baronia de Polop / Avenida Baronía de Polop,yes,,38.3758091,-0.4984951
1355732537,way,,yes,,38.3766798,-0.4899566
1355732539,way,,yes,,38.3767440,-0.4899683
1356454320,way,,yes,,38.3740471,-0.4881593
1356454322,way,,yes,,38.3740657,-0.4880414
1357785288,way,,yes,,38.3733314,-0.4886582
1357785289,way,,yes,,38.3734541,-0.4876367
1358397625,way,,yes,,38.3725281,-0.4878530
1359253330,way,,yes,,38.3721556,-0.4891625
1359253331,way,,yes,,38.3730931,-0.4888498
1359253332,way,,yes,,38.3722022,-0.4891762
1359531986,way,,yes,,38.3739615,-0.4888186
1359531989,way,,yes,,38.3740030,-0.4885315
1360164269,way,,yes,,38.3724582,-0.4882000
1360164272,way,,yes,,38.3711171,-0.4878634
1360410738,way,,no,,38.3709961,-0.4877050
1360410739,way,,yes,,38.3709279,-0.4878229
1360410742,way,,no,,38.3706437,-0.4877953
1360410744,way,,yes,,38.3709144,-0.4878923
1360410746,way,,yes,,38.3710443,-0.4875587
1360410747,way,,no,,38.3705451,-0.4883262
1361618426,way,,yes,,38.3708975,-0.4889231
1361691550,way,,yes,,38.3709354,-0.4886601
1361691551,way,,yes,,38.3707705,-0.4886159
1361717009,way,,yes,,38.3707852,-0.4885320
1361719217,way,,yes,,38.3710620,-0.4872229
1361719219,way,,yes,,38.3710756,-0.4871431
1361722082,way,,yes,,38.3713508,-0.4853595
1361722086,way,,yes,,38.3713501,-0.4851828
1361722088,way,,yes,,38.3713391,-0.4853003
1361745297,way,,yes,,38.3716958,-0.4866879
1363081315,way,,yes,,38.3709385,-0.4837522
1363081319,way,,yes,,38.3708674,-0.4836214
1363081320,way,,yes,,38.3708685,-0.4837011
1363081322,way,,yes,,38.3705573,-0.4835971
1363081323,way,,yes,,38.3705776,-0.4837311
1363279527,way,,yes,,38.3700762,-0.4752964
1363279528,way,,yes,,38.3700944,-0.4756150
1363279529,way,,yes,,38.3701269,-0.4758811
1363279530,way,,yes,,38.3701629,-0.4761501
1363279531,way,,yes,,38.3702127,-0.4764570
1363279532,way,,yes,,38.3702622,-0.4767625
1363343253,way,,yes,,38.3699641,-0.4836118
1363343254,way,,yes,,38.3699711,-0.4835302
1364295615,way,,yes,,38.3695513,-0.4816559
1364295616,way,,yes,,38.3695219,-0.4816940
1364295617,way,,yes,,38.3694717,-0.4810620
1364305504,way,,yes,,38.3687482,-0.4824763
1364305508,way,,yes,,38.3688009,-0.4813914
1364305509,way,,yes,,38.3688324,-0.4815114
1364427859,way,,yes,,38.3694472,-0.4834766
1364427861,way,,yes,,38.3694001,-0.4832516
1364427869,way,,yes,,38.3699260,-0.4830086
1364427870,way,,yes,,38.3699536,-0.4829927
1364777865,way,,yes,,38.3693439,-0.4832017
1364777869,way,Carrer del Diputat Juan Antonio Rodríguez Marín / Calle Diputado Juan Antonio Rodríguez Marín,yes,,38.3692789,-0.4836242
1364777870,way,Carrer del Diputat Juan Antonio Rodríguez Marín / Calle Diputado Juan Antonio Rodríguez Marín,yes,,38.3692748,-0.4836919
1364777876,way,,yes,,38.3694424,-0.4835618
1364777877,way,,yes,,38.3693508,-0.4836223
1365053688,way,,yes,,38.3695392,-0.4818630
1365053689,way,,yes,,38.3695113,-0.4818235
1365053695,way,,no,,38.3696901,-0.4824826
1365368608,way,,yes,,38.3705777,-0.4809865
1365368609,way,,limited,,38.3705412,-0.4811823
1365368610,way,,yes,,38.3704037,-0.4809179
1365368611,way,,yes,,38.3704769,-0.4809265
1365368612,way,,yes,,38.3705238,-0.4809456
1365368614,way,,yes,,38.3713034,-0.4787491
1366292597,way,,limited,,38.3704511,-0.4812972
1368474556,way,,yes,,38.3715749,-0.4834323
1381183203,way,,yes,,38.3728611,-0.5024943
1381692142,way,,yes,,38.3735424,-0.5014901
1423054620,way,,yes,,38.3382873,-0.4872285
1433777350,way,,yes,,38.3706761,-0.4818518
1433777351,way,,yes,,38.3707487,-0.4818649
1443190753,way,Mercadona,yes,,38.3606606,-0.4901893
1446359363,way,,yes,,38.3693165,-0.4813295
1446359364,way,,yes,,38.3693243,-0.4810418
1446359368,way,,yes,,38.3692923,-0.4816596
1446359373,way,,yes,,38.3692624,-0.4816145
1447441477,way,,yes,,38.3694855,-0.4823236
1447441478,way,,yes,,38.3695802,-0.4823740
1447441480,way,,yes,,38.3695493,-0.4823313
1447441481,way,,yes,,38.3696004,-0.4818788
1447441483,way,,yes,,38.3696330,-0.4818431
304109,relation,La Barraca,no,,38.5655963,-0.1672852
1145020,relation,Col·legi d'Educació Infantil i Primària San Fernando,yes,,38.3550078,-0.4991938
8305903,relation,Parque del Mar / Parc de la Mar,yes,,38.3347577,-0.4998531
11740044,relation,,yes,,38.3753427,-0.4916280
12335441,relation,Polideportivo Justo Hidalgo Ruiz,yes,,38.3691401,-0.4829114
